8,10,1 LOREM IPSUM DOLOR,1503955977
94,7,1 LOREM IPSUM DOLOR,1503955977
70,8,1 LOREM IPSUM DOLOR,1503955977
87,3,1 LOREM IPSUM DOLOR,1503955977
51,2,1 LOREM IPSUM DOLOR,1503955977
21,6,1 LOREM IPSUM DOLOR,1503955977
69,8,1 LOREM IPSUM DOLOR,1503955977
72,2,1 LOREM IPSUM DOLOR,1503955977
12,9,1 LOREM IPSUM DOLOR,1503955977
81,6,1 LOREM IPSUM DOLOR,1503955977
30,9,1 LOREM IPSUM DOLOR,1503955977
37,6,1 LOREM IPSUM DOLOR,1503955977
30,6,1 LOREM IPSUM DOLOR,1503955977
79,8,1 LOREM IPSUM DOLOR,1503955977
49,10,1 LOREM IPSUM DOLOR,1503955977
85,5,1 LOREM IPSUM DOLOR,1503955977
65,5,1 LOREM IPSUM DOLOR,1503955977
30,6,1 LOREM IPSUM DOLOR,1503955977
39,4,1 LOREM IPSUM DOLOR,1503955977
66,7,1 LOREM IPSUM DOLOR,1503955977
69,7,1 LOREM IPSUM DOLOR,1503955977
15,4,1 LOREM IPSUM DOLOR,1503955977
23,4,1 LOREM IPSUM DOLOR,1503955977
70,9,1 LOREM IPSUM DOLOR,1503955977
27,4,1 LOREM IPSUM DOLOR,1503955977
71,4,1 LOREM IPSUM DOLOR,1503955977
98,4,1 LOREM IPSUM DOLOR,1503955977
69,4,1 LOREM IPSUM DOLOR,1503955977
82,4,1 LOREM IPSUM DOLOR,1503955977
64,2,1 LOREM IPSUM DOLOR,1503955977
52,3,1 LOREM IPSUM DOLOR,1503955977
50,6,1 LOREM IPSUM DOLOR,1503955977
19,7,1 LOREM IPSUM DOLOR,1503955977
34,9,1 LOREM IPSUM DOLOR,1503955977
5,5,1 LOREM IPSUM DOLOR,1503955977
64,8,1 LOREM IPSUM DOLOR,1503955977
82,2,1 LOREM IPSUM DOLOR,1503955977
56,10,1 LOREM IPSUM DOLOR,1503955977
8,7,1 LOREM IPSUM DOLOR,1503955977
99,8,1 LOREM IPSUM DOLOR,1503955977
28,2,1 LOREM IPSUM DOLOR,1503955977
72,9,1 LOREM IPSUM DOLOR,1503955977
16,9,1 LOREM IPSUM DOLOR,1503955977
80,2,1 LOREM IPSUM DOLOR,1503955977
87,3,1 LOREM IPSUM DOLOR,1503955977
64,8,1 LOREM IPSUM DOLOR,1503955977
31,9,1 LOREM IPSUM DOLOR,1503955977
38,5,1 LOREM IPSUM DOLOR,1503955977
100,10,1 LOREM IPSUM DOLOR,1503955977
53,3,1 LOREM IPSUM DOLOR,1503955977
72,3,1 LOREM IPSUM DOLOR,1503955977
35,8,1 LOREM IPSUM DOLOR,1503955977
40,5,1 LOREM IPSUM DOLOR,1503955977
54,7,1 LOREM IPSUM DOLOR,1503955977
73,4,1 LOREM IPSUM DOLOR,1503955977
39,6,1 LOREM IPSUM DOLOR,1503955977
50,7,1 LOREM IPSUM DOLOR,1503955977
41,1,1 LOREM IPSUM DOLOR,1503955977
56,8,1 LOREM IPSUM DOLOR,1503955977
60,5,1 LOREM IPSUM DOLOR,1503955977
93,5,1 LOREM IPSUM DOLOR,1503955977
43,4,1 LOREM IPSUM DOLOR,1503955977
50,4,1 LOREM IPSUM DOLOR,1503955977
63,10,1 LOREM IPSUM DOLOR,1503955977
9,4,1 LOREM IPSUM DOLOR,1503955977
82,9,1 LOREM IPSUM DOLOR,1503955977
60,8,1 LOREM IPSUM DOLOR,1503955977
30,7,1 LOREM IPSUM DOLOR,1503955977
13,5,1 LOREM IPSUM DOLOR,1503955977
68,6,1 LOREM IPSUM DOLOR,1503955977
27,6,1 LOREM IPSUM DOLOR,1503955977
30,1,1 LOREM IPSUM DOLOR,1503955977
46,1,1 LOREM IPSUM DOLOR,1503955977
29,6,1 LOREM IPSUM DOLOR,1503955977
61,2,1 LOREM IPSUM DOLOR,1503955977
14,3,1 LOREM IPSUM DOLOR,1503955977
74,8,1 LOREM IPSUM DOLOR,1503955977
73,3,1 LOREM IPSUM DOLOR,1503955977
28,8,1 LOREM IPSUM DOLOR,1503955977
27,8,1 LOREM IPSUM DOLOR,1503955977
96,7,1 LOREM IPSUM DOLOR,1503955977
91,4,1 LOREM IPSUM DOLOR,1503955977
22,8,1 LOREM IPSUM DOLOR,1503955977
95,9,1 LOREM IPSUM DOLOR,1503955977
65,2,1 LOREM IPSUM DOLOR,1503955977
35,3,1 LOREM IPSUM DOLOR,1503955977
40,4,1 LOREM IPSUM DOLOR,1503955977
32,7,1 LOREM IPSUM DOLOR,1503955977
18,6,1 LOREM IPSUM DOLOR,1503955977
31,2,1 LOREM IPSUM DOLOR,1503955977
20,6,1 LOREM IPSUM DOLOR,1503955977
39,10,1 LOREM IPSUM DOLOR,1503955977
95,5,1 LOREM IPSUM DOLOR,1503955977
26,2,1 LOREM IPSUM DOLOR,1503955977
21,7,1 LOREM IPSUM DOLOR,1503955977
94,5,1 LOREM IPSUM DOLOR,1503955977
78,9,1 LOREM IPSUM DOLOR,1503955977
14,4,1 LOREM IPSUM DOLOR,1503955977
29,7,1 LOREM IPSUM DOLOR,1503955977
90,4,1 LOREM IPSUM DOLOR,1503955977
69,4,1 LOREM IPSUM DOLOR,1503955977
27,2,1 LOREM IPSUM DOLOR,1503955977
17,4,1 LOREM IPSUM DOLOR,1503955977
10,4,1 LOREM IPSUM DOLOR,1503955977
88,3,1 LOREM IPSUM DOLOR,1503955977
1,8,1 LOREM IPSUM DOLOR,1503955977
21,8,1 LOREM IPSUM DOLOR,1503955977
40,5,1 LOREM IPSUM DOLOR,1503955977
93,5,1 LOREM IPSUM DOLOR,1503955977
70,10,1 LOREM IPSUM DOLOR,1503955977
67,6,1 LOREM IPSUM DOLOR,1503955977
89,6,1 LOREM IPSUM DOLOR,1503955977
55,2,1 LOREM IPSUM DOLOR,1503955977
1,8,1 LOREM IPSUM DOLOR,1503955977
55,6,1 LOREM IPSUM DOLOR,1503955977
53,4,1 LOREM IPSUM DOLOR,1503955977
65,5,1 LOREM IPSUM DOLOR,1503955977
52,5,1 LOREM IPSUM DOLOR,1503955977
9,5,1 LOREM IPSUM DOLOR,1503955977
26,5,1 LOREM IPSUM DOLOR,1503955977
65,4,1 LOREM IPSUM DOLOR,1503955977
63,7,1 LOREM IPSUM DOLOR,1503955977
93,9,1 LOREM IPSUM DOLOR,1503955977
44,5,1 LOREM IPSUM DOLOR,1503955977
71,2,1 LOREM IPSUM DOLOR,1503955977
36,6,1 LOREM IPSUM DOLOR,1503955977
18,4,1 LOREM IPSUM DOLOR,1503955977
72,7,1 LOREM IPSUM DOLOR,1503955977
22,7,1 LOREM IPSUM DOLOR,1503955977
48,7,1 LOREM IPSUM DOLOR,1503955977
60,2,1 LOREM IPSUM DOLOR,1503955977
33,9,1 LOREM IPSUM DOLOR,1503955977
37,9,1 LOREM IPSUM DOLOR,1503955977
51,4,1 LOREM IPSUM DOLOR,1503955977
80,4,1 LOREM IPSUM DOLOR,1503955977
73,1,1 LOREM IPSUM DOLOR,1503955977
49,5,1 LOREM IPSUM DOLOR,1503955977
18,3,1 LOREM IPSUM DOLOR,1503955977
45,4,1 LOREM IPSUM DOLOR,1503955977
28,1,1 LOREM IPSUM DOLOR,1503955977
60,3,1 LOREM IPSUM DOLOR,1503955977
37,1,1 LOREM IPSUM DOLOR,1503955977
57,7,1 LOREM IPSUM DOLOR,1503955977
98,2,1 LOREM IPSUM DOLOR,1503955977
95,4,1 LOREM IPSUM DOLOR,1503955977
96,2,1 LOREM IPSUM DOLOR,1503955977
26,4,1 LOREM IPSUM DOLOR,1503955977
93,4,1 LOREM IPSUM DOLOR,1503955977
77,3,1 LOREM IPSUM DOLOR,1503955977
92,4,1 LOREM IPSUM DOLOR,1503955977
16,1,1 LOREM IPSUM DOLOR,1503955977
74,10,1 LOREM IPSUM DOLOR,1503955977
69,1,1 LOREM IPSUM DOLOR,1503955977
89,9,1 LOREM IPSUM DOLOR,1503955977
56,7,1 LOREM IPSUM DOLOR,1503955977
86,8,1 LOREM IPSUM DOLOR,1503955977
96,2,1 LOREM IPSUM DOLOR,1503955977
34,4,1 LOREM IPSUM DOLOR,1503955977
20,4,1 LOREM IPSUM DOLOR,1503955977
7,8,1 LOREM IPSUM DOLOR,1503955977
11,7,1 LOREM IPSUM DOLOR,1503955977
32,5,1 LOREM IPSUM DOLOR,1503955977
21,9,1 LOREM IPSUM DOLOR,1503955977
76,5,1 LOREM IPSUM DOLOR,1503955977
41,6,1 LOREM IPSUM DOLOR,1503955977
37,4,1 LOREM IPSUM DOLOR,1503955977
29,6,1 LOREM IPSUM DOLOR,1503955977
46,8,1 LOREM IPSUM DOLOR,1503955977
57,8,1 LOREM IPSUM DOLOR,1503955977
66,3,1 LOREM IPSUM DOLOR,1503955977
71,4,1 LOREM IPSUM DOLOR,1503955977
87,4,1 LOREM IPSUM DOLOR,1503955977
94,3,1 LOREM IPSUM DOLOR,1503955977
29,1,1 LOREM IPSUM DOLOR,1503955977
36,2,1 LOREM IPSUM DOLOR,1503955977
18,6,1 LOREM IPSUM DOLOR,1503955977
22,8,1 LOREM IPSUM DOLOR,1503955977
72,5,1 LOREM IPSUM DOLOR,1503955977
12,2,1 LOREM IPSUM DOLOR,1503955977
9,4,1 LOREM IPSUM DOLOR,1503955977
3,9,1 LOREM IPSUM DOLOR,1503955977
80,8,1 LOREM IPSUM DOLOR,1503955977
23,3,1 LOREM IPSUM DOLOR,1503955977
4,8,1 LOREM IPSUM DOLOR,1503955977
30,7,1 LOREM IPSUM DOLOR,1503955977
84,4,1 LOREM IPSUM DOLOR,1503955977
26,1,1 LOREM IPSUM DOLOR,1503955977
90,5,1 LOREM IPSUM DOLOR,1503955977
31,9,1 LOREM IPSUM DOLOR,1503955977
89,8,1 LOREM IPSUM DOLOR,1503955977
17,9,1 LOREM IPSUM DOLOR,1503955977
58,4,1 LOREM IPSUM DOLOR,1503955977
22,2,1 LOREM IPSUM DOLOR,1503955977
97,4,1 LOREM IPSUM DOLOR,1503955977
25,9,1 LOREM IPSUM DOLOR,1503955977
7,9,1 LOREM IPSUM DOLOR,1503955977
18,7,1 LOREM IPSUM DOLOR,1503955977
57,6,1 LOREM IPSUM DOLOR,1503955977
91,7,1 LOREM IPSUM DOLOR,1503955977
1,8,1 LOREM IPSUM DOLOR,1503955977
72,3,1 LOREM IPSUM DOLOR,1503955977
5,4,1 LOREM IPSUM DOLOR,1503955977
48,5,1 LOREM IPSUM DOLOR,1503955977
2,9,1 LOREM IPSUM DOLOR,1503955977
48,3,1 LOREM IPSUM DOLOR,1503955977
33,8,1 LOREM IPSUM DOLOR,1503955977
65,4,1 LOREM IPSUM DOLOR,1503955977
50,6,1 LOREM IPSUM DOLOR,1503955977
68,1,1 LOREM IPSUM DOLOR,1503955977
46,7,1 LOREM IPSUM DOLOR,1503955977
30,8,1 LOREM IPSUM DOLOR,1503955977
62,10,1 LOREM IPSUM DOLOR,1503955977
33,7,1 LOREM IPSUM DOLOR,1503955977
52,5,1 LOREM IPSUM DOLOR,1503955977
87,10,1 LOREM IPSUM DOLOR,1503955977
63,6,1 LOREM IPSUM DOLOR,1503955977
87,5,1 LOREM IPSUM DOLOR,1503955977
12,1,1 LOREM IPSUM DOLOR,1503955977
50,6,1 LOREM IPSUM DOLOR,1503955977
14,9,1 LOREM IPSUM DOLOR,1503955977
78,1,1 LOREM IPSUM DOLOR,1503955977
4,3,1 LOREM IPSUM DOLOR,1503955977
73,5,1 LOREM IPSUM DOLOR,1503955977
98,2,1 LOREM IPSUM DOLOR,1503955977
41,8,1 LOREM IPSUM DOLOR,1503955977
6,9,1 LOREM IPSUM DOLOR,1503955977
6,2,1 LOREM IPSUM DOLOR,1503955977
6,2,1 LOREM IPSUM DOLOR,1503955977
75,6,1 LOREM IPSUM DOLOR,1503955977
4,9,1 LOREM IPSUM DOLOR,1503955977
81,3,1 LOREM IPSUM DOLOR,1503955977
2,8,1 LOREM IPSUM DOLOR,1503955977
11,3,1 LOREM IPSUM DOLOR,1503955977
84,2,1 LOREM IPSUM DOLOR,1503955977
99,5,1 LOREM IPSUM DOLOR,1503955977
15,6,1 LOREM IPSUM DOLOR,1503955977
53,3,1 LOREM IPSUM DOLOR,1503955977
61,3,1 LOREM IPSUM DOLOR,1503955977
52,3,1 LOREM IPSUM DOLOR,1503955977
43,7,1 LOREM IPSUM DOLOR,1503955977
46,2,1 LOREM IPSUM DOLOR,1503955977
7,3,1 LOREM IPSUM DOLOR,1503955977
35,8,1 LOREM IPSUM DOLOR,1503955977
80,7,1 LOREM IPSUM DOLOR,1503955977
27,6,1 LOREM IPSUM DOLOR,1503955977
15,2,1 LOREM IPSUM DOLOR,1503955977
24,4,1 LOREM IPSUM DOLOR,1503955977
45,1,1 LOREM IPSUM DOLOR,1503955977
95,2,1 LOREM IPSUM DOLOR,1503955977
48,6,1 LOREM IPSUM DOLOR,1503955977
42,2,1 LOREM IPSUM DOLOR,1503955977
31,10,1 LOREM IPSUM DOLOR,1503955977
93,5,1 LOREM IPSUM DOLOR,1503955977
7,3,1 LOREM IPSUM DOLOR,1503955977
64,5,1 LOREM IPSUM DOLOR,1503955977
12,4,1 LOREM IPSUM DOLOR,1503955977
22,9,1 LOREM IPSUM DOLOR,1503955977
31,6,1 LOREM IPSUM DOLOR,1503955977
21,7,1 LOREM IPSUM DOLOR,1503955977
73,9,1 LOREM IPSUM DOLOR,1503955977
70,6,1 LOREM IPSUM DOLOR,1503955977
62,9,1 LOREM IPSUM DOLOR,1503955977
11,7,1 LOREM IPSUM DOLOR,1503955977
92,2,1 LOREM IPSUM DOLOR,1503955977
56,4,1 LOREM IPSUM DOLOR,1503955977
42,10,1 LOREM IPSUM DOLOR,1503955977
12,7,1 LOREM IPSUM DOLOR,1503955977
93,6,1 LOREM IPSUM DOLOR,1503955977
2,4,1 LOREM IPSUM DOLOR,1503955977
32,3,1 LOREM IPSUM DOLOR,1503955977
8,1,1 LOREM IPSUM DOLOR,1503955977
50,5,1 LOREM IPSUM DOLOR,1503955977
27,9,1 LOREM IPSUM DOLOR,1503955977
48,6,1 LOREM IPSUM DOLOR,1503955977
86,10,1 LOREM IPSUM DOLOR,1503955977
9,5,1 LOREM IPSUM DOLOR,1503955977
91,2,1 LOREM IPSUM DOLOR,1503955977
29,8,1 LOREM IPSUM DOLOR,1503955977
68,3,1 LOREM IPSUM DOLOR,1503955977
28,3,1 LOREM IPSUM DOLOR,1503955977
98,6,1 LOREM IPSUM DOLOR,1503955977
31,3,1 LOREM IPSUM DOLOR,1503955977
99,6,1 LOREM IPSUM DOLOR,1503955977
22,8,1 LOREM IPSUM DOLOR,1503955977
54,7,1 LOREM IPSUM DOLOR,1503955977
55,2,1 LOREM IPSUM DOLOR,1503955977
6,8,1 LOREM IPSUM DOLOR,1503955977
26,8,1 LOREM IPSUM DOLOR,1503955977
89,6,1 LOREM IPSUM DOLOR,1503955977
34,5,1 LOREM IPSUM DOLOR,1503955977
2,4,1 LOREM IPSUM DOLOR,1503955977
40,3,1 LOREM IPSUM DOLOR,1503955977
62,9,1 LOREM IPSUM DOLOR,1503955977
50,7,1 LOREM IPSUM DOLOR,1503955977
83,2,1 LOREM IPSUM DOLOR,1503955977
68,3,1 LOREM IPSUM DOLOR,1503955977
83,2,1 LOREM IPSUM DOLOR,1503955977
17,6,1 LOREM IPSUM DOLOR,1503955977
62,9,1 LOREM IPSUM DOLOR,1503955977
64,9,1 LOREM IPSUM DOLOR,1503955977
64,4,1 LOREM IPSUM DOLOR,1503955977
98,2,1 LOREM IPSUM DOLOR,1503955977
24,1,1 LOREM IPSUM DOLOR,1503955977
45,5,1 LOREM IPSUM DOLOR,1503955977
97,6,1 LOREM IPSUM DOLOR,1503955977
15,4,1 LOREM IPSUM DOLOR,1503955977
30,4,1 LOREM IPSUM DOLOR,1503955977
11,2,1 LOREM IPSUM DOLOR,1503955977
10,6,1 LOREM IPSUM DOLOR,1503955977
5,8,1 LOREM IPSUM DOLOR,1503955977
91,2,1 LOREM IPSUM DOLOR,1503955977
60,1,1 LOREM IPSUM DOLOR,1503955977
68,2,1 LOREM IPSUM DOLOR,1503955977
88,5,1 LOREM IPSUM DOLOR,1503955977
33,3,1 LOREM IPSUM DOLOR,1503955977
21,9,1 LOREM IPSUM DOLOR,1503955977
52,6,1 LOREM IPSUM DOLOR,1503955977
97,5,1 LOREM IPSUM DOLOR,1503955977
90,5,1 LOREM IPSUM DOLOR,1503955977
70,1,1 LOREM IPSUM DOLOR,1503955977
49,3,1 LOREM IPSUM DOLOR,1503955977
46,8,1 LOREM IPSUM DOLOR,1503955977
16,2,1 LOREM IPSUM DOLOR,1503955977
15,4,1 LOREM IPSUM DOLOR,1503955977
59,4,1 LOREM IPSUM DOLOR,1503955977
38,10,1 LOREM IPSUM DOLOR,1503955977
35,6,1 LOREM IPSUM DOLOR,1503955977
40,3,1 LOREM IPSUM DOLOR,1503955977
58,9,1 LOREM IPSUM DOLOR,1503955977
79,2,1 LOREM IPSUM DOLOR,1503955977
13,6,1 LOREM IPSUM DOLOR,1503955977
97,2,1 LOREM IPSUM DOLOR,1503955977
82,6,1 LOREM IPSUM DOLOR,1503955977
20,8,1 LOREM IPSUM DOLOR,1503955977
11,9,1 LOREM IPSUM DOLOR,1503955977
4,6,1 LOREM IPSUM DOLOR,1503955977
93,2,1 LOREM IPSUM DOLOR,1503955977
74,5,1 LOREM IPSUM DOLOR,1503955977
41,3,1 LOREM IPSUM DOLOR,1503955977
53,2,1 LOREM IPSUM DOLOR,1503955977
15,7,1 LOREM IPSUM DOLOR,1503955977
14,5,1 LOREM IPSUM DOLOR,1503955977
8,2,1 LOREM IPSUM DOLOR,1503955977
69,2,1 LOREM IPSUM DOLOR,1503955977
8,6,1 LOREM IPSUM DOLOR,1503955977
22,9,1 LOREM IPSUM DOLOR,1503955977
31,4,1 LOREM IPSUM DOLOR,1503955977
50,10,1 LOREM IPSUM DOLOR,1503955977
17,9,1 LOREM IPSUM DOLOR,1503955977
83,9,1 LOREM IPSUM DOLOR,1503955977
30,2,1 LOREM IPSUM DOLOR,1503955977
81,2,1 LOREM IPSUM DOLOR,1503955977
93,3,1 LOREM IPSUM DOLOR,1503955977
21,8,1 LOREM IPSUM DOLOR,1503955977
87,6,1 LOREM IPSUM DOLOR,1503955977
51,1,1 LOREM IPSUM DOLOR,1503955977
10,7,1 LOREM IPSUM DOLOR,1503955977
41,9,1 LOREM IPSUM DOLOR,1503955977
89,4,1 LOREM IPSUM DOLOR,1503955977
75,4,1 LOREM IPSUM DOLOR,1503955977
95,2,1 LOREM IPSUM DOLOR,1503955977
15,3,1 LOREM IPSUM DOLOR,1503955977
85,8,1 LOREM IPSUM DOLOR,1503955977
74,9,1 LOREM IPSUM DOLOR,1503955977
76,6,1 LOREM IPSUM DOLOR,1503955977
28,3,1 LOREM IPSUM DOLOR,1503955977
16,1,1 LOREM IPSUM DOLOR,1503955977
9,7,1 LOREM IPSUM DOLOR,1503955977
20,6,1 LOREM IPSUM DOLOR,1503955977
78,4,1 LOREM IPSUM DOLOR,1503955977
71,3,1 LOREM IPSUM DOLOR,1503955977
29,7,1 LOREM IPSUM DOLOR,1503955977
95,10,1 LOREM IPSUM DOLOR,1503955977
21,5,1 LOREM IPSUM DOLOR,1503955977
7,9,1 LOREM IPSUM DOLOR,1503955977
88,3,1 LOREM IPSUM DOLOR,1503955977
48,2,1 LOREM IPSUM DOLOR,1503955977
91,9,1 LOREM IPSUM DOLOR,1503955977
76,9,1 LOREM IPSUM DOLOR,1503955977
98,4,1 LOREM IPSUM DOLOR,1503955977
48,5,1 LOREM IPSUM DOLOR,1503955977
49,8,1 LOREM IPSUM DOLOR,1503955977
50,6,1 LOREM IPSUM DOLOR,1503955977
4,4,1 LOREM IPSUM DOLOR,1503955977
71,7,1 LOREM IPSUM DOLOR,1503955977
89,6,1 LOREM IPSUM DOLOR,1503955977
66,2,1 LOREM IPSUM DOLOR,1503955977
93,8,1 LOREM IPSUM DOLOR,1503955977
52,4,1 LOREM IPSUM DOLOR,1503955977
42,5,1 LOREM IPSUM DOLOR,1503955977
93,3,1 LOREM IPSUM DOLOR,1503955977
78,9,1 LOREM IPSUM DOLOR,1503955977
85,4,1 LOREM IPSUM DOLOR,1503955977
27,4,1 LOREM IPSUM DOLOR,1503955977
97,7,1 LOREM IPSUM DOLOR,1503955977
48,3,1 LOREM IPSUM DOLOR,1503955977
4,4,1 LOREM IPSUM DOLOR,1503955977
52,6,1 LOREM IPSUM DOLOR,1503955977
100,9,1 LOREM IPSUM DOLOR,1503955977
77,6,1 LOREM IPSUM DOLOR,1503955977
51,5,1 LOREM IPSUM DOLOR,1503955977
51,9,1 LOREM IPSUM DOLOR,1503955977
97,8,1 LOREM IPSUM DOLOR,1503955977
68,7,1 LOREM IPSUM DOLOR,1503955977
84,5,1 LOREM IPSUM DOLOR,1503955977
38,3,1 LOREM IPSUM DOLOR,1503955977
42,4,1 LOREM IPSUM DOLOR,1503955977
75,6,1 LOREM IPSUM DOLOR,1503955977
35,7,1 LOREM IPSUM DOLOR,1503955977
98,9,1 LOREM IPSUM DOLOR,1503955977
25,5,1 LOREM IPSUM DOLOR,1503955977
30,6,1 LOREM IPSUM DOLOR,1503955977
67,5,1 LOREM IPSUM DOLOR,1503955977
36,6,1 LOREM IPSUM DOLOR,1503955977
28,9,1 LOREM IPSUM DOLOR,1503955977
18,7,1 LOREM IPSUM DOLOR,1503955977
34,2,1 LOREM IPSUM DOLOR,1503955977
100,6,1 LOREM IPSUM DOLOR,1503955977
77,1,1 LOREM IPSUM DOLOR,1503955977
90,5,1 LOREM IPSUM DOLOR,1503955977
89,10,1 LOREM IPSUM DOLOR,1503955977
23,9,1 LOREM IPSUM DOLOR,1503955977
85,6,1 LOREM IPSUM DOLOR,1503955977
20,3,1 LOREM IPSUM DOLOR,1503955977
75,8,1 LOREM IPSUM DOLOR,1503955977
61,4,1 LOREM IPSUM DOLOR,1503955977
4,7,1 LOREM IPSUM DOLOR,1503955977
94,3,1 LOREM IPSUM DOLOR,1503955977
5,2,1 LOREM IPSUM DOLOR,1503955977
64,5,1 LOREM IPSUM DOLOR,1503955977
71,4,1 LOREM IPSUM DOLOR,1503955977
50,9,1 LOREM IPSUM DOLOR,1503955977
2,3,1 LOREM IPSUM DOLOR,1503955977
34,8,1 LOREM IPSUM DOLOR,1503955977
71,2,1 LOREM IPSUM DOLOR,1503955977
31,9,1 LOREM IPSUM DOLOR,1503955977
70,4,1 LOREM IPSUM DOLOR,1503955977
16,7,1 LOREM IPSUM DOLOR,1503955977
37,10,1 LOREM IPSUM DOLOR,1503955977
91,7,1 LOREM IPSUM DOLOR,1503955977
23,7,1 LOREM IPSUM DOLOR,1503955977
33,6,1 LOREM IPSUM DOLOR,1503955977
91,4,1 LOREM IPSUM DOLOR,1503955977
55,2,1 LOREM IPSUM DOLOR,1503955977
79,6,1 LOREM IPSUM DOLOR,1503955977
60,10,1 LOREM IPSUM DOLOR,1503955977
21,2,1 LOREM IPSUM DOLOR,1503955977
53,2,1 LOREM IPSUM DOLOR,1503955977
5,7,1 LOREM IPSUM DOLOR,1503955977
60,5,1 LOREM IPSUM DOLOR,1503955977
40,2,1 LOREM IPSUM DOLOR,1503955977
89,3,1 LOREM IPSUM DOLOR,1503955977
14,4,1 LOREM IPSUM DOLOR,1503955977
58,10,1 LOREM IPSUM DOLOR,1503955977
52,4,1 LOREM IPSUM DOLOR,1503955977
87,10,1 LOREM IPSUM DOLOR,1503955977
9,6,1 LOREM IPSUM DOLOR,1503955977
93,9,1 LOREM IPSUM DOLOR,1503955977
56,6,1 LOREM IPSUM DOLOR,1503955977
87,5,1 LOREM IPSUM DOLOR,1503955977
65,6,1 LOREM IPSUM DOLOR,1503955977
7,7,1 LOREM IPSUM DOLOR,1503955977
28,5,1 LOREM IPSUM DOLOR,1503955977
37,7,1 LOREM IPSUM DOLOR,1503955977
52,5,1 LOREM IPSUM DOLOR,1503955977
15,6,1 LOREM IPSUM DOLOR,1503955977
38,4,1 LOREM IPSUM DOLOR,1503955977
27,6,1 LOREM IPSUM DOLOR,1503955977
60,5,1 LOREM IPSUM DOLOR,1503955977
63,2,1 LOREM IPSUM DOLOR,1503955977
12,8,1 LOREM IPSUM DOLOR,1503955977
42,9,1 LOREM IPSUM DOLOR,1503955977
98,9,1 LOREM IPSUM DOLOR,1503955977
62,7,1 LOREM IPSUM DOLOR,1503955977
54,8,1 LOREM IPSUM DOLOR,1503955977
68,3,1 LOREM IPSUM DOLOR,1503955977
41,8,1 LOREM IPSUM DOLOR,1503955977
4,9,1 LOREM IPSUM DOLOR,1503955977
22,9,1 LOREM IPSUM DOLOR,1503955977
7,6,1 LOREM IPSUM DOLOR,1503955977
38,3,1 LOREM IPSUM DOLOR,1503955977
99,4,1 LOREM IPSUM DOLOR,1503955977
14,1,1 LOREM IPSUM DOLOR,1503955977
99,8,1 LOREM IPSUM DOLOR,1503955977
67,6,1 LOREM IPSUM DOLOR,1503955977
32,4,1 LOREM IPSUM DOLOR,1503955977
19,1,1 LOREM IPSUM DOLOR,1503955977
31,8,1 LOREM IPSUM DOLOR,1503955977
82,5,1 LOREM IPSUM DOLOR,1503955977
71,8,1 LOREM IPSUM DOLOR,1503955977
74,8,1 LOREM IPSUM DOLOR,1503955977
74,8,1 LOREM IPSUM DOLOR,1503955977
36,5,1 LOREM IPSUM DOLOR,1503955977
22,7,1 LOREM IPSUM DOLOR,1503955977
74,1,1 LOREM IPSUM DOLOR,1503955977
46,7,1 LOREM IPSUM DOLOR,1503955977
84,7,1 LOREM IPSUM DOLOR,1503955977
25,6,1 LOREM IPSUM DOLOR,1503955977
4,9,1 LOREM IPSUM DOLOR,1503955977
70,4,1 LOREM IPSUM DOLOR,1503955977
