70,1503955977,1 LOREM IPSUM DOLOR,3,2
227,1503955977,2 LOREM IPSUM DOLOR,0,1
13,1503955977,3 LOREM IPSUM DOLOR,2,3
123,1503955977,4 LOREM IPSUM DOLOR,0,2
130,1503955977,5 LOREM IPSUM DOLOR,1,1
204,1503955977,6 LOREM IPSUM DOLOR,1,1
59,1503955977,7 LOREM IPSUM DOLOR,2,2
28,1503955977,8 LOREM IPSUM DOLOR,3,2
207,1503955977,9 LOREM IPSUM DOLOR,2,1
72,1503955977,10 LOREM IPSUM DOLOR,2,3
219,1503955977,11 LOREM IPSUM DOLOR,2,2
121,1503955977,12 LOREM IPSUM DOLOR,1,2
182,1503955977,13 LOREM IPSUM DOLOR,1,2
34,1503955977,14 LOREM IPSUM DOLOR,0,2
89,1503955977,15 LOREM IPSUM DOLOR,2,1
64,1503955977,16 LOREM IPSUM DOLOR,2,1
239,1503955977,17 LOREM IPSUM DOLOR,2,2
201,1503955977,18 LOREM IPSUM DOLOR,0,0
74,1503955977,19 LOREM IPSUM DOLOR,2,3
62,1503955977,20 LOREM IPSUM DOLOR,3,2
93,1503955977,21 LOREM IPSUM DOLOR,2,1
45,1503955977,22 LOREM IPSUM DOLOR,3,0
118,1503955977,23 LOREM IPSUM DOLOR,1,1
90,1503955977,24 LOREM IPSUM DOLOR,1,1
53,1503955977,25 LOREM IPSUM DOLOR,1,2
165,1503955977,26 LOREM IPSUM DOLOR,1,2
149,1503955977,27 LOREM IPSUM DOLOR,2,2
105,1503955977,28 LOREM IPSUM DOLOR,1,3
143,1503955977,29 LOREM IPSUM DOLOR,2,0
61,1503955977,30 LOREM IPSUM DOLOR,1,2
191,1503955977,31 LOREM IPSUM DOLOR,1,3
121,1503955977,32 LOREM IPSUM DOLOR,2,0
208,1503955977,33 LOREM IPSUM DOLOR,1,1
181,1503955977,34 LOREM IPSUM DOLOR,0,3
210,1503955977,35 LOREM IPSUM DOLOR,2,0
237,1503955977,36 LOREM IPSUM DOLOR,1,1
164,1503955977,37 LOREM IPSUM DOLOR,3,1
86,1503955977,38 LOREM IPSUM DOLOR,1,1
124,1503955977,39 LOREM IPSUM DOLOR,1,0
177,1503955977,40 LOREM IPSUM DOLOR,2,1
237,1503955977,41 LOREM IPSUM DOLOR,1,3
247,1503955977,42 LOREM IPSUM DOLOR,1,1
192,1503955977,43 LOREM IPSUM DOLOR,1,3
120,1503955977,44 LOREM IPSUM DOLOR,0,2
164,1503955977,45 LOREM IPSUM DOLOR,2,2
12,1503955977,46 LOREM IPSUM DOLOR,1,1
83,1503955977,47 LOREM IPSUM DOLOR,2,2
215,1503955977,48 LOREM IPSUM DOLOR,2,1
85,1503955977,49 LOREM IPSUM DOLOR,1,1
161,1503955977,50 LOREM IPSUM DOLOR,1,1
24,1503955977,51 LOREM IPSUM DOLOR,2,0
161,1503955977,52 LOREM IPSUM DOLOR,2,1
61,1503955977,53 LOREM IPSUM DOLOR,1,1
147,1503955977,54 LOREM IPSUM DOLOR,1,1
210,1503955977,55 LOREM IPSUM DOLOR,2,2
194,1503955977,56 LOREM IPSUM DOLOR,1,2
97,1503955977,57 LOREM IPSUM DOLOR,2,2
12,1503955977,58 LOREM IPSUM DOLOR,2,3
137,1503955977,59 LOREM IPSUM DOLOR,1,1
130,1503955977,60 LOREM IPSUM DOLOR,2,1
74,1503955977,61 LOREM IPSUM DOLOR,1,1
84,1503955977,62 LOREM IPSUM DOLOR,3,0
112,1503955977,63 LOREM IPSUM DOLOR,1,1
1,1503955977,64 LOREM IPSUM DOLOR,0,0
230,1503955977,65 LOREM IPSUM DOLOR,0,1
150,1503955977,66 LOREM IPSUM DOLOR,3,1
58,1503955977,67 LOREM IPSUM DOLOR,0,0
174,1503955977,68 LOREM IPSUM DOLOR,0,1
212,1503955977,69 LOREM IPSUM DOLOR,0,3
182,1503955977,70 LOREM IPSUM DOLOR,0,0
189,1503955977,71 LOREM IPSUM DOLOR,2,1
87,1503955977,72 LOREM IPSUM DOLOR,0,1
228,1503955977,73 LOREM IPSUM DOLOR,3,0
209,1503955977,74 LOREM IPSUM DOLOR,2,1
244,1503955977,75 LOREM IPSUM DOLOR,3,1
126,1503955977,76 LOREM IPSUM DOLOR,0,0
25,1503955977,77 LOREM IPSUM DOLOR,2,2
79,1503955977,78 LOREM IPSUM DOLOR,2,1
79,1503955977,79 LOREM IPSUM DOLOR,2,1
171,1503955977,80 LOREM IPSUM DOLOR,2,2
171,1503955977,81 LOREM IPSUM DOLOR,1,1
111,1503955977,82 LOREM IPSUM DOLOR,1,3
46,1503955977,83 LOREM IPSUM DOLOR,0,1
78,1503955977,84 LOREM IPSUM DOLOR,2,1
117,1503955977,85 LOREM IPSUM DOLOR,2,1
94,1503955977,86 LOREM IPSUM DOLOR,1,0
57,1503955977,87 LOREM IPSUM DOLOR,1,2
172,1503955977,88 LOREM IPSUM DOLOR,1,0
15,1503955977,89 LOREM IPSUM DOLOR,1,0
123,1503955977,90 LOREM IPSUM DOLOR,3,2
14,1503955977,91 LOREM IPSUM DOLOR,2,0
208,1503955977,92 LOREM IPSUM DOLOR,2,2
27,1503955977,93 LOREM IPSUM DOLOR,2,3
80,1503955977,94 LOREM IPSUM DOLOR,2,1
187,1503955977,95 LOREM IPSUM DOLOR,2,2
49,1503955977,96 LOREM IPSUM DOLOR,3,1
38,1503955977,97 LOREM IPSUM DOLOR,1,1
184,1503955977,98 LOREM IPSUM DOLOR,2,0
88,1503955977,99 LOREM IPSUM DOLOR,2,0
51,1503955977,100 LOREM IPSUM DOLOR,3,2
92,1503955977,101 LOREM IPSUM DOLOR,2,0
87,1503955977,102 LOREM IPSUM DOLOR,2,0
184,1503955977,103 LOREM IPSUM DOLOR,1,3
4,1503955977,104 LOREM IPSUM DOLOR,0,3
172,1503955977,105 LOREM IPSUM DOLOR,2,2
45,1503955977,106 LOREM IPSUM DOLOR,2,2
13,1503955977,107 LOREM IPSUM DOLOR,1,1
170,1503955977,108 LOREM IPSUM DOLOR,1,1
9,1503955977,109 LOREM IPSUM DOLOR,1,2
144,1503955977,110 LOREM IPSUM DOLOR,1,2
170,1503955977,111 LOREM IPSUM DOLOR,2,1
243,1503955977,112 LOREM IPSUM DOLOR,3,1
20,1503955977,113 LOREM IPSUM DOLOR,3,0
59,1503955977,114 LOREM IPSUM DOLOR,1,0
249,1503955977,115 LOREM IPSUM DOLOR,2,2
82,1503955977,116 LOREM IPSUM DOLOR,2,0
92,1503955977,117 LOREM IPSUM DOLOR,1,1
107,1503955977,118 LOREM IPSUM DOLOR,3,1
34,1503955977,119 LOREM IPSUM DOLOR,2,2
96,1503955977,120 LOREM IPSUM DOLOR,0,1
50,1503955977,121 LOREM IPSUM DOLOR,0,2
90,1503955977,122 LOREM IPSUM DOLOR,2,0
11,1503955977,123 LOREM IPSUM DOLOR,0,3
219,1503955977,124 LOREM IPSUM DOLOR,1,0
184,1503955977,125 LOREM IPSUM DOLOR,2,2
226,1503955977,126 LOREM IPSUM DOLOR,1,3
202,1503955977,127 LOREM IPSUM DOLOR,0,1
11,1503955977,128 LOREM IPSUM DOLOR,0,1
28,1503955977,129 LOREM IPSUM DOLOR,2,1
93,1503955977,130 LOREM IPSUM DOLOR,0,1
98,1503955977,131 LOREM IPSUM DOLOR,1,1
184,1503955977,132 LOREM IPSUM DOLOR,2,3
39,1503955977,133 LOREM IPSUM DOLOR,2,3
161,1503955977,134 LOREM IPSUM DOLOR,3,2
168,1503955977,135 LOREM IPSUM DOLOR,2,1
64,1503955977,136 LOREM IPSUM DOLOR,0,1
113,1503955977,137 LOREM IPSUM DOLOR,0,2
48,1503955977,138 LOREM IPSUM DOLOR,3,0
143,1503955977,139 LOREM IPSUM DOLOR,3,2
197,1503955977,140 LOREM IPSUM DOLOR,1,1
97,1503955977,141 LOREM IPSUM DOLOR,2,2
208,1503955977,142 LOREM IPSUM DOLOR,1,1
124,1503955977,143 LOREM IPSUM DOLOR,2,1
35,1503955977,144 LOREM IPSUM DOLOR,3,0
248,1503955977,145 LOREM IPSUM DOLOR,2,1
240,1503955977,146 LOREM IPSUM DOLOR,3,2
62,1503955977,147 LOREM IPSUM DOLOR,2,0
199,1503955977,148 LOREM IPSUM DOLOR,1,2
50,1503955977,149 LOREM IPSUM DOLOR,2,3
150,1503955977,150 LOREM IPSUM DOLOR,1,3
116,1503955977,151 LOREM IPSUM DOLOR,2,2
45,1503955977,152 LOREM IPSUM DOLOR,3,1
57,1503955977,153 LOREM IPSUM DOLOR,1,1
131,1503955977,154 LOREM IPSUM DOLOR,1,1
156,1503955977,155 LOREM IPSUM DOLOR,2,3
113,1503955977,156 LOREM IPSUM DOLOR,1,2
133,1503955977,157 LOREM IPSUM DOLOR,2,0
134,1503955977,158 LOREM IPSUM DOLOR,1,1
36,1503955977,159 LOREM IPSUM DOLOR,3,2
86,1503955977,160 LOREM IPSUM DOLOR,1,2
46,1503955977,161 LOREM IPSUM DOLOR,2,0
4,1503955977,162 LOREM IPSUM DOLOR,3,3
28,1503955977,163 LOREM IPSUM DOLOR,2,0
40,1503955977,164 LOREM IPSUM DOLOR,1,1
47,1503955977,165 LOREM IPSUM DOLOR,3,2
178,1503955977,166 LOREM IPSUM DOLOR,2,1
151,1503955977,167 LOREM IPSUM DOLOR,3,1
159,1503955977,168 LOREM IPSUM DOLOR,2,2
50,1503955977,169 LOREM IPSUM DOLOR,2,0
223,1503955977,170 LOREM IPSUM DOLOR,0,1
218,1503955977,171 LOREM IPSUM DOLOR,2,2
182,1503955977,172 LOREM IPSUM DOLOR,3,0
231,1503955977,173 LOREM IPSUM DOLOR,0,2
234,1503955977,174 LOREM IPSUM DOLOR,1,0
40,1503955977,175 LOREM IPSUM DOLOR,0,0
37,1503955977,176 LOREM IPSUM DOLOR,1,2
230,1503955977,177 LOREM IPSUM DOLOR,0,2
130,1503955977,178 LOREM IPSUM DOLOR,3,2
4,1503955977,179 LOREM IPSUM DOLOR,2,2
210,1503955977,180 LOREM IPSUM DOLOR,0,2
165,1503955977,181 LOREM IPSUM DOLOR,2,2
120,1503955977,182 LOREM IPSUM DOLOR,2,3
237,1503955977,183 LOREM IPSUM DOLOR,3,3
181,1503955977,184 LOREM IPSUM DOLOR,0,3
168,1503955977,185 LOREM IPSUM DOLOR,0,1
200,1503955977,186 LOREM IPSUM DOLOR,2,1
104,1503955977,187 LOREM IPSUM DOLOR,3,2
213,1503955977,188 LOREM IPSUM DOLOR,0,1
3,1503955977,189 LOREM IPSUM DOLOR,1,2
235,1503955977,190 LOREM IPSUM DOLOR,1,2
33,1503955977,191 LOREM IPSUM DOLOR,3,2
241,1503955977,192 LOREM IPSUM DOLOR,2,3
44,1503955977,193 LOREM IPSUM DOLOR,0,2
193,1503955977,194 LOREM IPSUM DOLOR,2,2
25,1503955977,195 LOREM IPSUM DOLOR,2,3
63,1503955977,196 LOREM IPSUM DOLOR,2,0
89,1503955977,197 LOREM IPSUM DOLOR,2,1
74,1503955977,198 LOREM IPSUM DOLOR,1,0
78,1503955977,199 LOREM IPSUM DOLOR,2,2
92,1503955977,200 LOREM IPSUM DOLOR,0,2
217,1503955977,201 LOREM IPSUM DOLOR,2,3
192,1503955977,202 LOREM IPSUM DOLOR,1,3
167,1503955977,203 LOREM IPSUM DOLOR,2,1
136,1503955977,204 LOREM IPSUM DOLOR,1,1
75,1503955977,205 LOREM IPSUM DOLOR,0,0
63,1503955977,206 LOREM IPSUM DOLOR,1,1
163,1503955977,207 LOREM IPSUM DOLOR,3,0
156,1503955977,208 LOREM IPSUM DOLOR,0,3
45,1503955977,209 LOREM IPSUM DOLOR,2,0
235,1503955977,210 LOREM IPSUM DOLOR,3,0
164,1503955977,211 LOREM IPSUM DOLOR,0,2
99,1503955977,212 LOREM IPSUM DOLOR,2,2
26,1503955977,213 LOREM IPSUM DOLOR,3,1
212,1503955977,214 LOREM IPSUM DOLOR,2,1
217,1503955977,215 LOREM IPSUM DOLOR,3,1
118,1503955977,216 LOREM IPSUM DOLOR,0,1
90,1503955977,217 LOREM IPSUM DOLOR,1,2
107,1503955977,218 LOREM IPSUM DOLOR,2,1
126,1503955977,219 LOREM IPSUM DOLOR,1,2
184,1503955977,220 LOREM IPSUM DOLOR,1,1
192,1503955977,221 LOREM IPSUM DOLOR,3,3
40,1503955977,222 LOREM IPSUM DOLOR,2,2
240,1503955977,223 LOREM IPSUM DOLOR,2,3
2,1503955977,224 LOREM IPSUM DOLOR,3,3
121,1503955977,225 LOREM IPSUM DOLOR,0,3
201,1503955977,226 LOREM IPSUM DOLOR,3,2
116,1503955977,227 LOREM IPSUM DOLOR,2,1
52,1503955977,228 LOREM IPSUM DOLOR,3,0
79,1503955977,229 LOREM IPSUM DOLOR,0,1
43,1503955977,230 LOREM IPSUM DOLOR,2,0
167,1503955977,231 LOREM IPSUM DOLOR,1,2
70,1503955977,232 LOREM IPSUM DOLOR,2,2
4,1503955977,233 LOREM IPSUM DOLOR,0,1
204,1503955977,234 LOREM IPSUM DOLOR,2,2
180,1503955977,235 LOREM IPSUM DOLOR,2,2
146,1503955977,236 LOREM IPSUM DOLOR,1,2
230,1503955977,237 LOREM IPSUM DOLOR,2,0
144,1503955977,238 LOREM IPSUM DOLOR,2,1
57,1503955977,239 LOREM IPSUM DOLOR,1,1
71,1503955977,240 LOREM IPSUM DOLOR,3,2
49,1503955977,241 LOREM IPSUM DOLOR,0,1
126,1503955977,242 LOREM IPSUM DOLOR,2,2
70,1503955977,243 LOREM IPSUM DOLOR,2,2
45,1503955977,244 LOREM IPSUM DOLOR,3,2
118,1503955977,245 LOREM IPSUM DOLOR,3,1
228,1503955977,246 LOREM IPSUM DOLOR,1,3
85,1503955977,247 LOREM IPSUM DOLOR,3,2
225,1503955977,248 LOREM IPSUM DOLOR,1,1
39,1503955977,249 LOREM IPSUM DOLOR,2,1
48,1503955977,250 LOREM IPSUM DOLOR,0,2
248,1503955977,251 LOREM IPSUM DOLOR,2,1
188,1503955977,252 LOREM IPSUM DOLOR,1,2
184,1503955977,253 LOREM IPSUM DOLOR,2,2
110,1503955977,254 LOREM IPSUM DOLOR,2,1
8,1503955977,255 LOREM IPSUM DOLOR,2,3
162,1503955977,256 LOREM IPSUM DOLOR,2,1
15,1503955977,257 LOREM IPSUM DOLOR,2,2
101,1503955977,258 LOREM IPSUM DOLOR,2,3
55,1503955977,259 LOREM IPSUM DOLOR,3,1
150,1503955977,260 LOREM IPSUM DOLOR,2,1
223,1503955977,261 LOREM IPSUM DOLOR,3,2
84,1503955977,262 LOREM IPSUM DOLOR,2,2
35,1503955977,263 LOREM IPSUM DOLOR,2,3
182,1503955977,264 LOREM IPSUM DOLOR,3,0
52,1503955977,265 LOREM IPSUM DOLOR,1,1
87,1503955977,266 LOREM IPSUM DOLOR,3,3
118,1503955977,267 LOREM IPSUM DOLOR,1,2
206,1503955977,268 LOREM IPSUM DOLOR,1,2
93,1503955977,269 LOREM IPSUM DOLOR,2,1
191,1503955977,270 LOREM IPSUM DOLOR,0,1
213,1503955977,271 LOREM IPSUM DOLOR,3,1
74,1503955977,272 LOREM IPSUM DOLOR,2,2
64,1503955977,273 LOREM IPSUM DOLOR,0,2
186,1503955977,274 LOREM IPSUM DOLOR,2,3
191,1503955977,275 LOREM IPSUM DOLOR,3,0
150,1503955977,276 LOREM IPSUM DOLOR,1,2
23,1503955977,277 LOREM IPSUM DOLOR,1,1
211,1503955977,278 LOREM IPSUM DOLOR,2,2
191,1503955977,279 LOREM IPSUM DOLOR,3,1
149,1503955977,280 LOREM IPSUM DOLOR,0,3
126,1503955977,281 LOREM IPSUM DOLOR,2,3
108,1503955977,282 LOREM IPSUM DOLOR,2,2
249,1503955977,283 LOREM IPSUM DOLOR,1,2
230,1503955977,284 LOREM IPSUM DOLOR,3,2
231,1503955977,285 LOREM IPSUM DOLOR,1,1
139,1503955977,286 LOREM IPSUM DOLOR,0,2
200,1503955977,287 LOREM IPSUM DOLOR,0,1
124,1503955977,288 LOREM IPSUM DOLOR,2,1
177,1503955977,289 LOREM IPSUM DOLOR,1,0
230,1503955977,290 LOREM IPSUM DOLOR,1,2
159,1503955977,291 LOREM IPSUM DOLOR,1,0
127,1503955977,292 LOREM IPSUM DOLOR,3,1
49,1503955977,293 LOREM IPSUM DOLOR,1,0
212,1503955977,294 LOREM IPSUM DOLOR,3,3
48,1503955977,295 LOREM IPSUM DOLOR,1,3
77,1503955977,296 LOREM IPSUM DOLOR,2,2
71,1503955977,297 LOREM IPSUM DOLOR,0,1
112,1503955977,298 LOREM IPSUM DOLOR,2,1
141,1503955977,299 LOREM IPSUM DOLOR,2,0
204,1503955977,300 LOREM IPSUM DOLOR,2,2
13,1503955977,301 LOREM IPSUM DOLOR,2,1
46,1503955977,302 LOREM IPSUM DOLOR,2,1
140,1503955977,303 LOREM IPSUM DOLOR,1,1
65,1503955977,304 LOREM IPSUM DOLOR,1,3
69,1503955977,305 LOREM IPSUM DOLOR,1,2
220,1503955977,306 LOREM IPSUM DOLOR,1,2
162,1503955977,307 LOREM IPSUM DOLOR,2,2
174,1503955977,308 LOREM IPSUM DOLOR,1,1
190,1503955977,309 LOREM IPSUM DOLOR,3,2
175,1503955977,310 LOREM IPSUM DOLOR,0,1
28,1503955977,311 LOREM IPSUM DOLOR,1,1
207,1503955977,312 LOREM IPSUM DOLOR,1,3
134,1503955977,313 LOREM IPSUM DOLOR,1,0
121,1503955977,314 LOREM IPSUM DOLOR,2,2
146,1503955977,315 LOREM IPSUM DOLOR,2,3
72,1503955977,316 LOREM IPSUM DOLOR,1,2
178,1503955977,317 LOREM IPSUM DOLOR,2,1
115,1503955977,318 LOREM IPSUM DOLOR,2,2
74,1503955977,319 LOREM IPSUM DOLOR,1,0
145,1503955977,320 LOREM IPSUM DOLOR,2,2
248,1503955977,321 LOREM IPSUM DOLOR,3,2
141,1503955977,322 LOREM IPSUM DOLOR,0,2
11,1503955977,323 LOREM IPSUM DOLOR,1,0
88,1503955977,324 LOREM IPSUM DOLOR,2,2
150,1503955977,325 LOREM IPSUM DOLOR,3,3
219,1503955977,326 LOREM IPSUM DOLOR,0,0
159,1503955977,327 LOREM IPSUM DOLOR,1,0
163,1503955977,328 LOREM IPSUM DOLOR,2,2
115,1503955977,329 LOREM IPSUM DOLOR,3,1
156,1503955977,330 LOREM IPSUM DOLOR,1,3
84,1503955977,331 LOREM IPSUM DOLOR,0,0
24,1503955977,332 LOREM IPSUM DOLOR,0,1
8,1503955977,333 LOREM IPSUM DOLOR,2,1
140,1503955977,334 LOREM IPSUM DOLOR,3,2
157,1503955977,335 LOREM IPSUM DOLOR,1,1
101,1503955977,336 LOREM IPSUM DOLOR,0,1
188,1503955977,337 LOREM IPSUM DOLOR,1,1
208,1503955977,338 LOREM IPSUM DOLOR,2,3
49,1503955977,339 LOREM IPSUM DOLOR,1,2
130,1503955977,340 LOREM IPSUM DOLOR,2,1
170,1503955977,341 LOREM IPSUM DOLOR,3,0
171,1503955977,342 LOREM IPSUM DOLOR,1,1
194,1503955977,343 LOREM IPSUM DOLOR,2,0
242,1503955977,344 LOREM IPSUM DOLOR,3,2
108,1503955977,345 LOREM IPSUM DOLOR,2,2
109,1503955977,346 LOREM IPSUM DOLOR,3,3
31,1503955977,347 LOREM IPSUM DOLOR,0,1
175,1503955977,348 LOREM IPSUM DOLOR,1,1
107,1503955977,349 LOREM IPSUM DOLOR,3,3
187,1503955977,350 LOREM IPSUM DOLOR,2,1
16,1503955977,351 LOREM IPSUM DOLOR,2,2
187,1503955977,352 LOREM IPSUM DOLOR,2,0
8,1503955977,353 LOREM IPSUM DOLOR,0,2
35,1503955977,354 LOREM IPSUM DOLOR,3,2
191,1503955977,355 LOREM IPSUM DOLOR,1,1
156,1503955977,356 LOREM IPSUM DOLOR,1,2
237,1503955977,357 LOREM IPSUM DOLOR,2,1
7,1503955977,358 LOREM IPSUM DOLOR,2,1
214,1503955977,359 LOREM IPSUM DOLOR,1,2
4,1503955977,360 LOREM IPSUM DOLOR,1,2
61,1503955977,361 LOREM IPSUM DOLOR,3,3
207,1503955977,362 LOREM IPSUM DOLOR,1,1
237,1503955977,363 LOREM IPSUM DOLOR,3,2
227,1503955977,364 LOREM IPSUM DOLOR,3,2
52,1503955977,365 LOREM IPSUM DOLOR,1,3
79,1503955977,366 LOREM IPSUM DOLOR,1,0
225,1503955977,367 LOREM IPSUM DOLOR,1,1
120,1503955977,368 LOREM IPSUM DOLOR,0,2
155,1503955977,369 LOREM IPSUM DOLOR,0,2
14,1503955977,370 LOREM IPSUM DOLOR,1,1
72,1503955977,371 LOREM IPSUM DOLOR,1,0
27,1503955977,372 LOREM IPSUM DOLOR,3,1
100,1503955977,373 LOREM IPSUM DOLOR,1,0
74,1503955977,374 LOREM IPSUM DOLOR,1,3
213,1503955977,375 LOREM IPSUM DOLOR,2,0
174,1503955977,376 LOREM IPSUM DOLOR,2,0
49,1503955977,377 LOREM IPSUM DOLOR,2,1
72,1503955977,378 LOREM IPSUM DOLOR,2,2
43,1503955977,379 LOREM IPSUM DOLOR,3,3
81,1503955977,380 LOREM IPSUM DOLOR,2,2
221,1503955977,381 LOREM IPSUM DOLOR,2,1
70,1503955977,382 LOREM IPSUM DOLOR,2,1
11,1503955977,383 LOREM IPSUM DOLOR,3,3
130,1503955977,384 LOREM IPSUM DOLOR,1,3
135,1503955977,385 LOREM IPSUM DOLOR,1,3
208,1503955977,386 LOREM IPSUM DOLOR,2,0
244,1503955977,387 LOREM IPSUM DOLOR,1,1
169,1503955977,388 LOREM IPSUM DOLOR,2,1
248,1503955977,389 LOREM IPSUM DOLOR,3,2
214,1503955977,390 LOREM IPSUM DOLOR,1,2
198,1503955977,391 LOREM IPSUM DOLOR,2,1
108,1503955977,392 LOREM IPSUM DOLOR,2,2
190,1503955977,393 LOREM IPSUM DOLOR,1,3
202,1503955977,394 LOREM IPSUM DOLOR,2,2
97,1503955977,395 LOREM IPSUM DOLOR,1,1
225,1503955977,396 LOREM IPSUM DOLOR,1,2
216,1503955977,397 LOREM IPSUM DOLOR,3,2
236,1503955977,398 LOREM IPSUM DOLOR,0,1
117,1503955977,399 LOREM IPSUM DOLOR,3,1
35,1503955977,400 LOREM IPSUM DOLOR,2,2
126,1503955977,401 LOREM IPSUM DOLOR,0,2
62,1503955977,402 LOREM IPSUM DOLOR,2,1
171,1503955977,403 LOREM IPSUM DOLOR,2,1
142,1503955977,404 LOREM IPSUM DOLOR,2,1
175,1503955977,405 LOREM IPSUM DOLOR,1,1
185,1503955977,406 LOREM IPSUM DOLOR,2,3
237,1503955977,407 LOREM IPSUM DOLOR,3,1
149,1503955977,408 LOREM IPSUM DOLOR,2,2
93,1503955977,409 LOREM IPSUM DOLOR,2,1
162,1503955977,410 LOREM IPSUM DOLOR,1,0
224,1503955977,411 LOREM IPSUM DOLOR,1,1
44,1503955977,412 LOREM IPSUM DOLOR,2,1
239,1503955977,413 LOREM IPSUM DOLOR,0,3
244,1503955977,414 LOREM IPSUM DOLOR,1,1
92,1503955977,415 LOREM IPSUM DOLOR,1,0
122,1503955977,416 LOREM IPSUM DOLOR,1,2
91,1503955977,417 LOREM IPSUM DOLOR,0,2
118,1503955977,418 LOREM IPSUM DOLOR,0,2
82,1503955977,419 LOREM IPSUM DOLOR,1,2
208,1503955977,420 LOREM IPSUM DOLOR,1,1
23,1503955977,421 LOREM IPSUM DOLOR,3,2
66,1503955977,422 LOREM IPSUM DOLOR,1,3
166,1503955977,423 LOREM IPSUM DOLOR,2,1
225,1503955977,424 LOREM IPSUM DOLOR,2,3
239,1503955977,425 LOREM IPSUM DOLOR,3,3
121,1503955977,426 LOREM IPSUM DOLOR,1,2
85,1503955977,427 LOREM IPSUM DOLOR,1,1
154,1503955977,428 LOREM IPSUM DOLOR,3,1
137,1503955977,429 LOREM IPSUM DOLOR,2,2
65,1503955977,430 LOREM IPSUM DOLOR,3,3
240,1503955977,431 LOREM IPSUM DOLOR,1,1
102,1503955977,432 LOREM IPSUM DOLOR,1,3
168,1503955977,433 LOREM IPSUM DOLOR,0,2
58,1503955977,434 LOREM IPSUM DOLOR,2,1
246,1503955977,435 LOREM IPSUM DOLOR,3,3
173,1503955977,436 LOREM IPSUM DOLOR,2,1
160,1503955977,437 LOREM IPSUM DOLOR,1,3
10,1503955977,438 LOREM IPSUM DOLOR,0,1
152,1503955977,439 LOREM IPSUM DOLOR,3,2
204,1503955977,440 LOREM IPSUM DOLOR,3,0
181,1503955977,441 LOREM IPSUM DOLOR,3,1
195,1503955977,442 LOREM IPSUM DOLOR,0,1
186,1503955977,443 LOREM IPSUM DOLOR,1,2
73,1503955977,444 LOREM IPSUM DOLOR,2,2
86,1503955977,445 LOREM IPSUM DOLOR,1,2
8,1503955977,446 LOREM IPSUM DOLOR,2,1
172,1503955977,447 LOREM IPSUM DOLOR,1,2
99,1503955977,448 LOREM IPSUM DOLOR,2,2
202,1503955977,449 LOREM IPSUM DOLOR,3,0
173,1503955977,450 LOREM IPSUM DOLOR,1,1
241,1503955977,451 LOREM IPSUM DOLOR,3,2
205,1503955977,452 LOREM IPSUM DOLOR,2,2
132,1503955977,453 LOREM IPSUM DOLOR,2,1
31,1503955977,454 LOREM IPSUM DOLOR,3,3
168,1503955977,455 LOREM IPSUM DOLOR,2,2
62,1503955977,456 LOREM IPSUM DOLOR,2,2
228,1503955977,457 LOREM IPSUM DOLOR,3,0
171,1503955977,458 LOREM IPSUM DOLOR,1,0
31,1503955977,459 LOREM IPSUM DOLOR,0,0
246,1503955977,460 LOREM IPSUM DOLOR,1,1
181,1503955977,461 LOREM IPSUM DOLOR,0,2
40,1503955977,462 LOREM IPSUM DOLOR,0,3
140,1503955977,463 LOREM IPSUM DOLOR,2,3
96,1503955977,464 LOREM IPSUM DOLOR,1,3
206,1503955977,465 LOREM IPSUM DOLOR,0,2
86,1503955977,466 LOREM IPSUM DOLOR,2,3
83,1503955977,467 LOREM IPSUM DOLOR,3,2
207,1503955977,468 LOREM IPSUM DOLOR,2,1
108,1503955977,469 LOREM IPSUM DOLOR,0,0
85,1503955977,470 LOREM IPSUM DOLOR,1,0
136,1503955977,471 LOREM IPSUM DOLOR,1,1
53,1503955977,472 LOREM IPSUM DOLOR,1,1
43,1503955977,473 LOREM IPSUM DOLOR,1,3
109,1503955977,474 LOREM IPSUM DOLOR,1,2
228,1503955977,475 LOREM IPSUM DOLOR,2,2
229,1503955977,476 LOREM IPSUM DOLOR,2,2
77,1503955977,477 LOREM IPSUM DOLOR,3,2
151,1503955977,478 LOREM IPSUM DOLOR,2,1
21,1503955977,479 LOREM IPSUM DOLOR,3,2
10,1503955977,480 LOREM IPSUM DOLOR,1,1
163,1503955977,481 LOREM IPSUM DOLOR,2,2
112,1503955977,482 LOREM IPSUM DOLOR,2,2
105,1503955977,483 LOREM IPSUM DOLOR,0,1
4,1503955977,484 LOREM IPSUM DOLOR,3,1
147,1503955977,485 LOREM IPSUM DOLOR,1,2
138,1503955977,486 LOREM IPSUM DOLOR,1,1
25,1503955977,487 LOREM IPSUM DOLOR,1,2
95,1503955977,488 LOREM IPSUM DOLOR,2,2
165,1503955977,489 LOREM IPSUM DOLOR,3,2
136,1503955977,490 LOREM IPSUM DOLOR,1,1
249,1503955977,491 LOREM IPSUM DOLOR,2,0
57,1503955977,492 LOREM IPSUM DOLOR,2,2
55,1503955977,493 LOREM IPSUM DOLOR,1,3
230,1503955977,494 LOREM IPSUM DOLOR,1,3
181,1503955977,495 LOREM IPSUM DOLOR,0,2
234,1503955977,496 LOREM IPSUM DOLOR,1,0
248,1503955977,497 LOREM IPSUM DOLOR,2,1
57,1503955977,498 LOREM IPSUM DOLOR,0,1
203,1503955977,499 LOREM IPSUM DOLOR,1,1
157,1503955977,500 LOREM IPSUM DOLOR,3,1
205,1503955977,501 LOREM IPSUM DOLOR,3,2
142,1503955977,502 LOREM IPSUM DOLOR,3,0
13,1503955977,503 LOREM IPSUM DOLOR,3,1
17,1503955977,504 LOREM IPSUM DOLOR,0,2
150,1503955977,505 LOREM IPSUM DOLOR,2,1
183,1503955977,506 LOREM IPSUM DOLOR,0,3
85,1503955977,507 LOREM IPSUM DOLOR,0,3
158,1503955977,508 LOREM IPSUM DOLOR,1,2
164,1503955977,509 LOREM IPSUM DOLOR,1,2
114,1503955977,510 LOREM IPSUM DOLOR,0,1
201,1503955977,511 LOREM IPSUM DOLOR,3,1
139,1503955977,512 LOREM IPSUM DOLOR,2,1
50,1503955977,513 LOREM IPSUM DOLOR,2,2
203,1503955977,514 LOREM IPSUM DOLOR,2,1
40,1503955977,515 LOREM IPSUM DOLOR,1,3
113,1503955977,516 LOREM IPSUM DOLOR,2,1
174,1503955977,517 LOREM IPSUM DOLOR,2,1
102,1503955977,518 LOREM IPSUM DOLOR,2,1
229,1503955977,519 LOREM IPSUM DOLOR,1,1
237,1503955977,520 LOREM IPSUM DOLOR,3,2
58,1503955977,521 LOREM IPSUM DOLOR,1,0
214,1503955977,522 LOREM IPSUM DOLOR,1,2
198,1503955977,523 LOREM IPSUM DOLOR,0,2
181,1503955977,524 LOREM IPSUM DOLOR,2,1
232,1503955977,525 LOREM IPSUM DOLOR,1,2
185,1503955977,526 LOREM IPSUM DOLOR,1,1
127,1503955977,527 LOREM IPSUM DOLOR,2,2
12,1503955977,528 LOREM IPSUM DOLOR,2,3
102,1503955977,529 LOREM IPSUM DOLOR,0,3
46,1503955977,530 LOREM IPSUM DOLOR,3,2
205,1503955977,531 LOREM IPSUM DOLOR,1,3
181,1503955977,532 LOREM IPSUM DOLOR,1,2
122,1503955977,533 LOREM IPSUM DOLOR,2,1
231,1503955977,534 LOREM IPSUM DOLOR,3,0
15,1503955977,535 LOREM IPSUM DOLOR,2,0
96,1503955977,536 LOREM IPSUM DOLOR,3,1
84,1503955977,537 LOREM IPSUM DOLOR,0,2
185,1503955977,538 LOREM IPSUM DOLOR,1,3
166,1503955977,539 LOREM IPSUM DOLOR,2,0
65,1503955977,540 LOREM IPSUM DOLOR,0,1
29,1503955977,541 LOREM IPSUM DOLOR,1,0
130,1503955977,542 LOREM IPSUM DOLOR,2,3
190,1503955977,543 LOREM IPSUM DOLOR,1,2
53,1503955977,544 LOREM IPSUM DOLOR,3,3
248,1503955977,545 LOREM IPSUM DOLOR,1,3
79,1503955977,546 LOREM IPSUM DOLOR,2,2
247,1503955977,547 LOREM IPSUM DOLOR,1,0
81,1503955977,548 LOREM IPSUM DOLOR,1,3
26,1503955977,549 LOREM IPSUM DOLOR,3,1
68,1503955977,550 LOREM IPSUM DOLOR,2,1
135,1503955977,551 LOREM IPSUM DOLOR,2,2
152,1503955977,552 LOREM IPSUM DOLOR,1,3
33,1503955977,553 LOREM IPSUM DOLOR,1,1
140,1503955977,554 LOREM IPSUM DOLOR,2,1
210,1503955977,555 LOREM IPSUM DOLOR,0,1
109,1503955977,556 LOREM IPSUM DOLOR,1,3
88,1503955977,557 LOREM IPSUM DOLOR,2,2
229,1503955977,558 LOREM IPSUM DOLOR,1,2
1,1503955977,559 LOREM IPSUM DOLOR,3,1
15,1503955977,560 LOREM IPSUM DOLOR,1,2
21,1503955977,561 LOREM IPSUM DOLOR,1,2
91,1503955977,562 LOREM IPSUM DOLOR,3,2
84,1503955977,563 LOREM IPSUM DOLOR,1,0
54,1503955977,564 LOREM IPSUM DOLOR,3,1
77,1503955977,565 LOREM IPSUM DOLOR,0,2
120,1503955977,566 LOREM IPSUM DOLOR,2,0
58,1503955977,567 LOREM IPSUM DOLOR,3,2
185,1503955977,568 LOREM IPSUM DOLOR,1,2
215,1503955977,569 LOREM IPSUM DOLOR,1,1
180,1503955977,570 LOREM IPSUM DOLOR,2,2
7,1503955977,571 LOREM IPSUM DOLOR,3,1
186,1503955977,572 LOREM IPSUM DOLOR,1,0
82,1503955977,573 LOREM IPSUM DOLOR,2,1
240,1503955977,574 LOREM IPSUM DOLOR,3,1
237,1503955977,575 LOREM IPSUM DOLOR,2,2
179,1503955977,576 LOREM IPSUM DOLOR,3,0
98,1503955977,577 LOREM IPSUM DOLOR,2,2
214,1503955977,578 LOREM IPSUM DOLOR,3,3
211,1503955977,579 LOREM IPSUM DOLOR,1,2
202,1503955977,580 LOREM IPSUM DOLOR,0,2
192,1503955977,581 LOREM IPSUM DOLOR,2,1
98,1503955977,582 LOREM IPSUM DOLOR,1,1
70,1503955977,583 LOREM IPSUM DOLOR,3,3
119,1503955977,584 LOREM IPSUM DOLOR,1,2
228,1503955977,585 LOREM IPSUM DOLOR,0,1
210,1503955977,586 LOREM IPSUM DOLOR,1,2
87,1503955977,587 LOREM IPSUM DOLOR,2,3
56,1503955977,588 LOREM IPSUM DOLOR,1,1
170,1503955977,589 LOREM IPSUM DOLOR,3,2
206,1503955977,590 LOREM IPSUM DOLOR,1,2
140,1503955977,591 LOREM IPSUM DOLOR,0,1
71,1503955977,592 LOREM IPSUM DOLOR,3,2
182,1503955977,593 LOREM IPSUM DOLOR,2,1
118,1503955977,594 LOREM IPSUM DOLOR,2,0
182,1503955977,595 LOREM IPSUM DOLOR,0,3
14,1503955977,596 LOREM IPSUM DOLOR,2,1
214,1503955977,597 LOREM IPSUM DOLOR,2,3
93,1503955977,598 LOREM IPSUM DOLOR,2,2
45,1503955977,599 LOREM IPSUM DOLOR,2,3
31,1503955977,600 LOREM IPSUM DOLOR,1,1
147,1503955977,601 LOREM IPSUM DOLOR,2,1
87,1503955977,602 LOREM IPSUM DOLOR,2,0
192,1503955977,603 LOREM IPSUM DOLOR,0,2
89,1503955977,604 LOREM IPSUM DOLOR,2,0
40,1503955977,605 LOREM IPSUM DOLOR,1,1
3,1503955977,606 LOREM IPSUM DOLOR,2,2
4,1503955977,607 LOREM IPSUM DOLOR,1,1
147,1503955977,608 LOREM IPSUM DOLOR,1,3
176,1503955977,609 LOREM IPSUM DOLOR,0,2
228,1503955977,610 LOREM IPSUM DOLOR,0,0
177,1503955977,611 LOREM IPSUM DOLOR,3,2
177,1503955977,612 LOREM IPSUM DOLOR,0,1
186,1503955977,613 LOREM IPSUM DOLOR,2,2
231,1503955977,614 LOREM IPSUM DOLOR,1,2
52,1503955977,615 LOREM IPSUM DOLOR,0,2
86,1503955977,616 LOREM IPSUM DOLOR,1,3
104,1503955977,617 LOREM IPSUM DOLOR,2,3
105,1503955977,618 LOREM IPSUM DOLOR,1,1
128,1503955977,619 LOREM IPSUM DOLOR,1,1
135,1503955977,620 LOREM IPSUM DOLOR,0,2
15,1503955977,621 LOREM IPSUM DOLOR,3,1
244,1503955977,622 LOREM IPSUM DOLOR,1,3
202,1503955977,623 LOREM IPSUM DOLOR,3,3
159,1503955977,624 LOREM IPSUM DOLOR,0,1
47,1503955977,625 LOREM IPSUM DOLOR,2,1
236,1503955977,626 LOREM IPSUM DOLOR,3,1
18,1503955977,627 LOREM IPSUM DOLOR,0,0
15,1503955977,628 LOREM IPSUM DOLOR,1,2
214,1503955977,629 LOREM IPSUM DOLOR,1,2
115,1503955977,630 LOREM IPSUM DOLOR,1,2
208,1503955977,631 LOREM IPSUM DOLOR,3,2
230,1503955977,632 LOREM IPSUM DOLOR,2,3
112,1503955977,633 LOREM IPSUM DOLOR,2,2
229,1503955977,634 LOREM IPSUM DOLOR,1,3
183,1503955977,635 LOREM IPSUM DOLOR,3,1
241,1503955977,636 LOREM IPSUM DOLOR,1,1
176,1503955977,637 LOREM IPSUM DOLOR,1,1
140,1503955977,638 LOREM IPSUM DOLOR,2,1
55,1503955977,639 LOREM IPSUM DOLOR,3,2
160,1503955977,640 LOREM IPSUM DOLOR,1,0
209,1503955977,641 LOREM IPSUM DOLOR,2,3
37,1503955977,642 LOREM IPSUM DOLOR,2,1
26,1503955977,643 LOREM IPSUM DOLOR,1,1
247,1503955977,644 LOREM IPSUM DOLOR,3,0
44,1503955977,645 LOREM IPSUM DOLOR,3,1
44,1503955977,646 LOREM IPSUM DOLOR,0,3
211,1503955977,647 LOREM IPSUM DOLOR,2,2
135,1503955977,648 LOREM IPSUM DOLOR,2,0
70,1503955977,649 LOREM IPSUM DOLOR,2,2
117,1503955977,650 LOREM IPSUM DOLOR,0,2
233,1503955977,651 LOREM IPSUM DOLOR,1,1
215,1503955977,652 LOREM IPSUM DOLOR,2,1
136,1503955977,653 LOREM IPSUM DOLOR,1,1
110,1503955977,654 LOREM IPSUM DOLOR,1,2
80,1503955977,655 LOREM IPSUM DOLOR,1,1
199,1503955977,656 LOREM IPSUM DOLOR,3,2
247,1503955977,657 LOREM IPSUM DOLOR,0,2
189,1503955977,658 LOREM IPSUM DOLOR,1,2
183,1503955977,659 LOREM IPSUM DOLOR,1,1
21,1503955977,660 LOREM IPSUM DOLOR,2,2
249,1503955977,661 LOREM IPSUM DOLOR,2,0
117,1503955977,662 LOREM IPSUM DOLOR,2,2
121,1503955977,663 LOREM IPSUM DOLOR,3,2
39,1503955977,664 LOREM IPSUM DOLOR,2,1
144,1503955977,665 LOREM IPSUM DOLOR,1,2
213,1503955977,666 LOREM IPSUM DOLOR,1,3
116,1503955977,667 LOREM IPSUM DOLOR,2,0
209,1503955977,668 LOREM IPSUM DOLOR,2,1
28,1503955977,669 LOREM IPSUM DOLOR,1,2
219,1503955977,670 LOREM IPSUM DOLOR,1,3
46,1503955977,671 LOREM IPSUM DOLOR,1,3
228,1503955977,672 LOREM IPSUM DOLOR,1,3
20,1503955977,673 LOREM IPSUM DOLOR,3,1
202,1503955977,674 LOREM IPSUM DOLOR,1,0
55,1503955977,675 LOREM IPSUM DOLOR,1,2
13,1503955977,676 LOREM IPSUM DOLOR,1,0
127,1503955977,677 LOREM IPSUM DOLOR,1,2
15,1503955977,678 LOREM IPSUM DOLOR,0,2
214,1503955977,679 LOREM IPSUM DOLOR,1,2
114,1503955977,680 LOREM IPSUM DOLOR,3,0
190,1503955977,681 LOREM IPSUM DOLOR,3,3
151,1503955977,682 LOREM IPSUM DOLOR,1,2
65,1503955977,683 LOREM IPSUM DOLOR,3,2
102,1503955977,684 LOREM IPSUM DOLOR,0,3
228,1503955977,685 LOREM IPSUM DOLOR,1,2
182,1503955977,686 LOREM IPSUM DOLOR,1,2
109,1503955977,687 LOREM IPSUM DOLOR,2,1
82,1503955977,688 LOREM IPSUM DOLOR,2,3
167,1503955977,689 LOREM IPSUM DOLOR,0,2
41,1503955977,690 LOREM IPSUM DOLOR,2,0
127,1503955977,691 LOREM IPSUM DOLOR,2,3
125,1503955977,692 LOREM IPSUM DOLOR,1,0
79,1503955977,693 LOREM IPSUM DOLOR,1,0
7,1503955977,694 LOREM IPSUM DOLOR,1,0
144,1503955977,695 LOREM IPSUM DOLOR,1,1
191,1503955977,696 LOREM IPSUM DOLOR,0,3
119,1503955977,697 LOREM IPSUM DOLOR,1,3
149,1503955977,698 LOREM IPSUM DOLOR,2,1
24,1503955977,699 LOREM IPSUM DOLOR,1,3
50,1503955977,700 LOREM IPSUM DOLOR,1,1
33,1503955977,701 LOREM IPSUM DOLOR,1,1
197,1503955977,702 LOREM IPSUM DOLOR,2,0
206,1503955977,703 LOREM IPSUM DOLOR,0,2
89,1503955977,704 LOREM IPSUM DOLOR,1,2
118,1503955977,705 LOREM IPSUM DOLOR,1,2
150,1503955977,706 LOREM IPSUM DOLOR,2,2
203,1503955977,707 LOREM IPSUM DOLOR,3,1
233,1503955977,708 LOREM IPSUM DOLOR,2,1
215,1503955977,709 LOREM IPSUM DOLOR,2,1
241,1503955977,710 LOREM IPSUM DOLOR,0,2
247,1503955977,711 LOREM IPSUM DOLOR,2,2
22,1503955977,712 LOREM IPSUM DOLOR,0,3
220,1503955977,713 LOREM IPSUM DOLOR,2,1
198,1503955977,714 LOREM IPSUM DOLOR,2,2
92,1503955977,715 LOREM IPSUM DOLOR,1,1
66,1503955977,716 LOREM IPSUM DOLOR,1,0
39,1503955977,717 LOREM IPSUM DOLOR,1,0
247,1503955977,718 LOREM IPSUM DOLOR,1,0
10,1503955977,719 LOREM IPSUM DOLOR,3,1
224,1503955977,720 LOREM IPSUM DOLOR,1,1
189,1503955977,721 LOREM IPSUM DOLOR,1,1
183,1503955977,722 LOREM IPSUM DOLOR,2,2
115,1503955977,723 LOREM IPSUM DOLOR,1,1
68,1503955977,724 LOREM IPSUM DOLOR,1,0
232,1503955977,725 LOREM IPSUM DOLOR,2,2
170,1503955977,726 LOREM IPSUM DOLOR,3,1
181,1503955977,727 LOREM IPSUM DOLOR,0,2
60,1503955977,728 LOREM IPSUM DOLOR,2,2
185,1503955977,729 LOREM IPSUM DOLOR,3,3
41,1503955977,730 LOREM IPSUM DOLOR,1,1
3,1503955977,731 LOREM IPSUM DOLOR,1,0
238,1503955977,732 LOREM IPSUM DOLOR,2,1
30,1503955977,733 LOREM IPSUM DOLOR,2,0
54,1503955977,734 LOREM IPSUM DOLOR,2,0
149,1503955977,735 LOREM IPSUM DOLOR,1,2
7,1503955977,736 LOREM IPSUM DOLOR,1,0
31,1503955977,737 LOREM IPSUM DOLOR,1,1
46,1503955977,738 LOREM IPSUM DOLOR,2,3
224,1503955977,739 LOREM IPSUM DOLOR,2,1
33,1503955977,740 LOREM IPSUM DOLOR,2,1
57,1503955977,741 LOREM IPSUM DOLOR,2,3
187,1503955977,742 LOREM IPSUM DOLOR,2,1
158,1503955977,743 LOREM IPSUM DOLOR,2,1
138,1503955977,744 LOREM IPSUM DOLOR,1,3
204,1503955977,745 LOREM IPSUM DOLOR,0,2
74,1503955977,746 LOREM IPSUM DOLOR,1,2
128,1503955977,747 LOREM IPSUM DOLOR,2,1
84,1503955977,748 LOREM IPSUM DOLOR,2,0
198,1503955977,749 LOREM IPSUM DOLOR,1,0
160,1503955977,750 LOREM IPSUM DOLOR,2,0
75,1503955977,751 LOREM IPSUM DOLOR,1,1
58,1503955977,752 LOREM IPSUM DOLOR,3,3
66,1503955977,753 LOREM IPSUM DOLOR,0,2
109,1503955977,754 LOREM IPSUM DOLOR,1,1
150,1503955977,755 LOREM IPSUM DOLOR,3,2
77,1503955977,756 LOREM IPSUM DOLOR,1,2
17,1503955977,757 LOREM IPSUM DOLOR,3,3
138,1503955977,758 LOREM IPSUM DOLOR,2,2
154,1503955977,759 LOREM IPSUM DOLOR,3,3
146,1503955977,760 LOREM IPSUM DOLOR,0,1
44,1503955977,761 LOREM IPSUM DOLOR,3,2
172,1503955977,762 LOREM IPSUM DOLOR,2,2
141,1503955977,763 LOREM IPSUM DOLOR,0,3
46,1503955977,764 LOREM IPSUM DOLOR,2,1
183,1503955977,765 LOREM IPSUM DOLOR,3,2
96,1503955977,766 LOREM IPSUM DOLOR,3,2
161,1503955977,767 LOREM IPSUM DOLOR,0,1
181,1503955977,768 LOREM IPSUM DOLOR,3,2
186,1503955977,769 LOREM IPSUM DOLOR,3,2
10,1503955977,770 LOREM IPSUM DOLOR,3,1
223,1503955977,771 LOREM IPSUM DOLOR,1,3
183,1503955977,772 LOREM IPSUM DOLOR,3,0
62,1503955977,773 LOREM IPSUM DOLOR,3,3
211,1503955977,774 LOREM IPSUM DOLOR,3,3
206,1503955977,775 LOREM IPSUM DOLOR,2,1
95,1503955977,776 LOREM IPSUM DOLOR,0,1
232,1503955977,777 LOREM IPSUM DOLOR,0,0
117,1503955977,778 LOREM IPSUM DOLOR,1,1
48,1503955977,779 LOREM IPSUM DOLOR,0,2
180,1503955977,780 LOREM IPSUM DOLOR,2,1
103,1503955977,781 LOREM IPSUM DOLOR,2,2
89,1503955977,782 LOREM IPSUM DOLOR,1,2
204,1503955977,783 LOREM IPSUM DOLOR,1,1
103,1503955977,784 LOREM IPSUM DOLOR,3,1
134,1503955977,785 LOREM IPSUM DOLOR,0,2
48,1503955977,786 LOREM IPSUM DOLOR,3,1
244,1503955977,787 LOREM IPSUM DOLOR,1,2
139,1503955977,788 LOREM IPSUM DOLOR,1,2
113,1503955977,789 LOREM IPSUM DOLOR,1,0
218,1503955977,790 LOREM IPSUM DOLOR,2,1
129,1503955977,791 LOREM IPSUM DOLOR,3,2
64,1503955977,792 LOREM IPSUM DOLOR,2,1
201,1503955977,793 LOREM IPSUM DOLOR,0,3
72,1503955977,794 LOREM IPSUM DOLOR,1,2
71,1503955977,795 LOREM IPSUM DOLOR,0,2
122,1503955977,796 LOREM IPSUM DOLOR,2,3
239,1503955977,797 LOREM IPSUM DOLOR,3,3
205,1503955977,798 LOREM IPSUM DOLOR,2,2
27,1503955977,799 LOREM IPSUM DOLOR,2,0
193,1503955977,800 LOREM IPSUM DOLOR,2,1
179,1503955977,801 LOREM IPSUM DOLOR,0,2
195,1503955977,802 LOREM IPSUM DOLOR,2,2
139,1503955977,803 LOREM IPSUM DOLOR,3,2
37,1503955977,804 LOREM IPSUM DOLOR,2,1
197,1503955977,805 LOREM IPSUM DOLOR,1,1
189,1503955977,806 LOREM IPSUM DOLOR,1,2
91,1503955977,807 LOREM IPSUM DOLOR,1,1
46,1503955977,808 LOREM IPSUM DOLOR,2,2
91,1503955977,809 LOREM IPSUM DOLOR,2,0
52,1503955977,810 LOREM IPSUM DOLOR,2,2
118,1503955977,811 LOREM IPSUM DOLOR,2,1
44,1503955977,812 LOREM IPSUM DOLOR,1,1
120,1503955977,813 LOREM IPSUM DOLOR,2,0
202,1503955977,814 LOREM IPSUM DOLOR,3,2
149,1503955977,815 LOREM IPSUM DOLOR,2,0
28,1503955977,816 LOREM IPSUM DOLOR,3,2
68,1503955977,817 LOREM IPSUM DOLOR,2,0
165,1503955977,818 LOREM IPSUM DOLOR,2,1
189,1503955977,819 LOREM IPSUM DOLOR,3,1
232,1503955977,820 LOREM IPSUM DOLOR,1,3
205,1503955977,821 LOREM IPSUM DOLOR,2,1
126,1503955977,822 LOREM IPSUM DOLOR,1,3
64,1503955977,823 LOREM IPSUM DOLOR,0,2
206,1503955977,824 LOREM IPSUM DOLOR,3,2
213,1503955977,825 LOREM IPSUM DOLOR,2,2
46,1503955977,826 LOREM IPSUM DOLOR,2,2
52,1503955977,827 LOREM IPSUM DOLOR,1,1
53,1503955977,828 LOREM IPSUM DOLOR,2,3
230,1503955977,829 LOREM IPSUM DOLOR,2,1
187,1503955977,830 LOREM IPSUM DOLOR,1,1
83,1503955977,831 LOREM IPSUM DOLOR,0,3
105,1503955977,832 LOREM IPSUM DOLOR,2,1
50,1503955977,833 LOREM IPSUM DOLOR,3,2
95,1503955977,834 LOREM IPSUM DOLOR,2,0
70,1503955977,835 LOREM IPSUM DOLOR,3,1
214,1503955977,836 LOREM IPSUM DOLOR,3,3
244,1503955977,837 LOREM IPSUM DOLOR,1,2
108,1503955977,838 LOREM IPSUM DOLOR,3,1
24,1503955977,839 LOREM IPSUM DOLOR,1,3
83,1503955977,840 LOREM IPSUM DOLOR,0,1
118,1503955977,841 LOREM IPSUM DOLOR,1,2
78,1503955977,842 LOREM IPSUM DOLOR,2,1
33,1503955977,843 LOREM IPSUM DOLOR,3,2
208,1503955977,844 LOREM IPSUM DOLOR,1,2
75,1503955977,845 LOREM IPSUM DOLOR,0,1
216,1503955977,846 LOREM IPSUM DOLOR,1,2
106,1503955977,847 LOREM IPSUM DOLOR,0,1
8,1503955977,848 LOREM IPSUM DOLOR,0,3
130,1503955977,849 LOREM IPSUM DOLOR,2,2
121,1503955977,850 LOREM IPSUM DOLOR,2,0
5,1503955977,851 LOREM IPSUM DOLOR,0,1
247,1503955977,852 LOREM IPSUM DOLOR,0,3
206,1503955977,853 LOREM IPSUM DOLOR,1,3
205,1503955977,854 LOREM IPSUM DOLOR,2,2
62,1503955977,855 LOREM IPSUM DOLOR,3,2
61,1503955977,856 LOREM IPSUM DOLOR,0,1
113,1503955977,857 LOREM IPSUM DOLOR,1,2
186,1503955977,858 LOREM IPSUM DOLOR,0,3
218,1503955977,859 LOREM IPSUM DOLOR,1,3
150,1503955977,860 LOREM IPSUM DOLOR,1,3
10,1503955977,861 LOREM IPSUM DOLOR,0,0
10,1503955977,862 LOREM IPSUM DOLOR,3,2
128,1503955977,863 LOREM IPSUM DOLOR,2,2
241,1503955977,864 LOREM IPSUM DOLOR,2,1
240,1503955977,865 LOREM IPSUM DOLOR,1,2
178,1503955977,866 LOREM IPSUM DOLOR,1,2
43,1503955977,867 LOREM IPSUM DOLOR,1,1
86,1503955977,868 LOREM IPSUM DOLOR,2,2
132,1503955977,869 LOREM IPSUM DOLOR,2,3
137,1503955977,870 LOREM IPSUM DOLOR,3,1
224,1503955977,871 LOREM IPSUM DOLOR,2,2
111,1503955977,872 LOREM IPSUM DOLOR,1,2
26,1503955977,873 LOREM IPSUM DOLOR,1,2
136,1503955977,874 LOREM IPSUM DOLOR,3,1
51,1503955977,875 LOREM IPSUM DOLOR,1,2
106,1503955977,876 LOREM IPSUM DOLOR,0,3
244,1503955977,877 LOREM IPSUM DOLOR,3,3
34,1503955977,878 LOREM IPSUM DOLOR,1,0
26,1503955977,879 LOREM IPSUM DOLOR,1,0
177,1503955977,880 LOREM IPSUM DOLOR,3,1
127,1503955977,881 LOREM IPSUM DOLOR,2,2
79,1503955977,882 LOREM IPSUM DOLOR,1,0
98,1503955977,883 LOREM IPSUM DOLOR,0,3
207,1503955977,884 LOREM IPSUM DOLOR,3,2
218,1503955977,885 LOREM IPSUM DOLOR,1,1
108,1503955977,886 LOREM IPSUM DOLOR,1,2
181,1503955977,887 LOREM IPSUM DOLOR,1,3
92,1503955977,888 LOREM IPSUM DOLOR,1,0
216,1503955977,889 LOREM IPSUM DOLOR,3,3
169,1503955977,890 LOREM IPSUM DOLOR,2,2
182,1503955977,891 LOREM IPSUM DOLOR,2,0
102,1503955977,892 LOREM IPSUM DOLOR,1,1
191,1503955977,893 LOREM IPSUM DOLOR,1,3
18,1503955977,894 LOREM IPSUM DOLOR,1,3
127,1503955977,895 LOREM IPSUM DOLOR,1,2
197,1503955977,896 LOREM IPSUM DOLOR,1,1
135,1503955977,897 LOREM IPSUM DOLOR,3,1
194,1503955977,898 LOREM IPSUM DOLOR,0,3
197,1503955977,899 LOREM IPSUM DOLOR,0,2
23,1503955977,900 LOREM IPSUM DOLOR,2,3
32,1503955977,901 LOREM IPSUM DOLOR,1,2
40,1503955977,902 LOREM IPSUM DOLOR,3,1
104,1503955977,903 LOREM IPSUM DOLOR,3,2
161,1503955977,904 LOREM IPSUM DOLOR,2,3
65,1503955977,905 LOREM IPSUM DOLOR,0,1
63,1503955977,906 LOREM IPSUM DOLOR,1,1
61,1503955977,907 LOREM IPSUM DOLOR,1,2
104,1503955977,908 LOREM IPSUM DOLOR,0,1
59,1503955977,909 LOREM IPSUM DOLOR,1,2
25,1503955977,910 LOREM IPSUM DOLOR,2,2
196,1503955977,911 LOREM IPSUM DOLOR,1,1
67,1503955977,912 LOREM IPSUM DOLOR,1,1
112,1503955977,913 LOREM IPSUM DOLOR,2,2
136,1503955977,914 LOREM IPSUM DOLOR,2,2
128,1503955977,915 LOREM IPSUM DOLOR,1,1
156,1503955977,916 LOREM IPSUM DOLOR,1,1
152,1503955977,917 LOREM IPSUM DOLOR,2,2
103,1503955977,918 LOREM IPSUM DOLOR,1,3
197,1503955977,919 LOREM IPSUM DOLOR,0,2
131,1503955977,920 LOREM IPSUM DOLOR,2,1
242,1503955977,921 LOREM IPSUM DOLOR,2,1
49,1503955977,922 LOREM IPSUM DOLOR,1,2
204,1503955977,923 LOREM IPSUM DOLOR,0,2
87,1503955977,924 LOREM IPSUM DOLOR,3,1
12,1503955977,925 LOREM IPSUM DOLOR,1,2
189,1503955977,926 LOREM IPSUM DOLOR,2,2
72,1503955977,927 LOREM IPSUM DOLOR,2,1
119,1503955977,928 LOREM IPSUM DOLOR,1,2
181,1503955977,929 LOREM IPSUM DOLOR,1,1
191,1503955977,930 LOREM IPSUM DOLOR,0,1
1,1503955977,931 LOREM IPSUM DOLOR,0,2
128,1503955977,932 LOREM IPSUM DOLOR,3,2
120,1503955977,933 LOREM IPSUM DOLOR,0,0
185,1503955977,934 LOREM IPSUM DOLOR,1,1
182,1503955977,935 LOREM IPSUM DOLOR,1,2
121,1503955977,936 LOREM IPSUM DOLOR,3,2
206,1503955977,937 LOREM IPSUM DOLOR,1,2
221,1503955977,938 LOREM IPSUM DOLOR,1,0
119,1503955977,939 LOREM IPSUM DOLOR,1,1
175,1503955977,940 LOREM IPSUM DOLOR,1,0
13,1503955977,941 LOREM IPSUM DOLOR,2,1
174,1503955977,942 LOREM IPSUM DOLOR,1,1
210,1503955977,943 LOREM IPSUM DOLOR,0,0
6,1503955977,944 LOREM IPSUM DOLOR,3,1
218,1503955977,945 LOREM IPSUM DOLOR,1,0
109,1503955977,946 LOREM IPSUM DOLOR,1,2
31,1503955977,947 LOREM IPSUM DOLOR,1,0
39,1503955977,948 LOREM IPSUM DOLOR,1,2
25,1503955977,949 LOREM IPSUM DOLOR,2,0
67,1503955977,950 LOREM IPSUM DOLOR,0,0
174,1503955977,951 LOREM IPSUM DOLOR,2,0
10,1503955977,952 LOREM IPSUM DOLOR,2,1
52,1503955977,953 LOREM IPSUM DOLOR,2,0
160,1503955977,954 LOREM IPSUM DOLOR,2,2
51,1503955977,955 LOREM IPSUM DOLOR,1,0
169,1503955977,956 LOREM IPSUM DOLOR,1,0
32,1503955977,957 LOREM IPSUM DOLOR,3,3
134,1503955977,958 LOREM IPSUM DOLOR,2,1
83,1503955977,959 LOREM IPSUM DOLOR,2,3
151,1503955977,960 LOREM IPSUM DOLOR,2,1
35,1503955977,961 LOREM IPSUM DOLOR,3,1
36,1503955977,962 LOREM IPSUM DOLOR,2,1
68,1503955977,963 LOREM IPSUM DOLOR,0,3
102,1503955977,964 LOREM IPSUM DOLOR,2,3
227,1503955977,965 LOREM IPSUM DOLOR,0,1
185,1503955977,966 LOREM IPSUM DOLOR,2,0
119,1503955977,967 LOREM IPSUM DOLOR,2,1
222,1503955977,968 LOREM IPSUM DOLOR,1,0
181,1503955977,969 LOREM IPSUM DOLOR,2,2
52,1503955977,970 LOREM IPSUM DOLOR,0,2
119,1503955977,971 LOREM IPSUM DOLOR,2,2
237,1503955977,972 LOREM IPSUM DOLOR,0,0
244,1503955977,973 LOREM IPSUM DOLOR,0,2
20,1503955977,974 LOREM IPSUM DOLOR,1,1
244,1503955977,975 LOREM IPSUM DOLOR,2,3
215,1503955977,976 LOREM IPSUM DOLOR,1,0
240,1503955977,977 LOREM IPSUM DOLOR,1,2
15,1503955977,978 LOREM IPSUM DOLOR,1,0
13,1503955977,979 LOREM IPSUM DOLOR,0,2
204,1503955977,980 LOREM IPSUM DOLOR,0,3
167,1503955977,981 LOREM IPSUM DOLOR,0,0
67,1503955977,982 LOREM IPSUM DOLOR,1,1
196,1503955977,983 LOREM IPSUM DOLOR,0,2
73,1503955977,984 LOREM IPSUM DOLOR,1,1
82,1503955977,985 LOREM IPSUM DOLOR,1,0
126,1503955977,986 LOREM IPSUM DOLOR,1,3
188,1503955977,987 LOREM IPSUM DOLOR,1,1
26,1503955977,988 LOREM IPSUM DOLOR,0,0
88,1503955977,989 LOREM IPSUM DOLOR,2,3
88,1503955977,990 LOREM IPSUM DOLOR,0,1
48,1503955977,991 LOREM IPSUM DOLOR,1,3
98,1503955977,992 LOREM IPSUM DOLOR,0,1
182,1503955977,993 LOREM IPSUM DOLOR,3,3
220,1503955977,994 LOREM IPSUM DOLOR,2,1
132,1503955977,995 LOREM IPSUM DOLOR,1,3
190,1503955977,996 LOREM IPSUM DOLOR,0,3
126,1503955977,997 LOREM IPSUM DOLOR,1,1
61,1503955977,998 LOREM IPSUM DOLOR,2,2
85,1503955977,999 LOREM IPSUM DOLOR,0,1
208,1503955977,1000 LOREM IPSUM DOLOR,0,2
210,1503955977,1001 LOREM IPSUM DOLOR,3,3
211,1503955977,1002 LOREM IPSUM DOLOR,0,3
46,1503955977,1003 LOREM IPSUM DOLOR,3,2
231,1503955977,1004 LOREM IPSUM DOLOR,3,2
73,1503955977,1005 LOREM IPSUM DOLOR,3,1
235,1503955977,1006 LOREM IPSUM DOLOR,2,3
132,1503955977,1007 LOREM IPSUM DOLOR,2,2
154,1503955977,1008 LOREM IPSUM DOLOR,0,2
247,1503955977,1009 LOREM IPSUM DOLOR,2,3
121,1503955977,1010 LOREM IPSUM DOLOR,0,0
17,1503955977,1011 LOREM IPSUM DOLOR,3,3
246,1503955977,1012 LOREM IPSUM DOLOR,3,0
131,1503955977,1013 LOREM IPSUM DOLOR,1,1
2,1503955977,1014 LOREM IPSUM DOLOR,3,0
15,1503955977,1015 LOREM IPSUM DOLOR,3,1
106,1503955977,1016 LOREM IPSUM DOLOR,3,2
120,1503955977,1017 LOREM IPSUM DOLOR,0,3
226,1503955977,1018 LOREM IPSUM DOLOR,1,0
210,1503955977,1019 LOREM IPSUM DOLOR,3,1
131,1503955977,1020 LOREM IPSUM DOLOR,2,1
158,1503955977,1021 LOREM IPSUM DOLOR,1,0
184,1503955977,1022 LOREM IPSUM DOLOR,1,3
10,1503955977,1023 LOREM IPSUM DOLOR,1,0
212,1503955977,1024 LOREM IPSUM DOLOR,1,1
239,1503955977,1025 LOREM IPSUM DOLOR,3,1
168,1503955977,1026 LOREM IPSUM DOLOR,1,1
96,1503955977,1027 LOREM IPSUM DOLOR,1,2
34,1503955977,1028 LOREM IPSUM DOLOR,1,3
111,1503955977,1029 LOREM IPSUM DOLOR,0,1
227,1503955977,1030 LOREM IPSUM DOLOR,2,2
8,1503955977,1031 LOREM IPSUM DOLOR,2,1
91,1503955977,1032 LOREM IPSUM DOLOR,0,3
140,1503955977,1033 LOREM IPSUM DOLOR,2,3
122,1503955977,1034 LOREM IPSUM DOLOR,1,1
24,1503955977,1035 LOREM IPSUM DOLOR,1,2
248,1503955977,1036 LOREM IPSUM DOLOR,0,3
13,1503955977,1037 LOREM IPSUM DOLOR,3,1
93,1503955977,1038 LOREM IPSUM DOLOR,2,2
213,1503955977,1039 LOREM IPSUM DOLOR,2,2
3,1503955977,1040 LOREM IPSUM DOLOR,2,2
107,1503955977,1041 LOREM IPSUM DOLOR,0,1
235,1503955977,1042 LOREM IPSUM DOLOR,2,0
177,1503955977,1043 LOREM IPSUM DOLOR,0,1
134,1503955977,1044 LOREM IPSUM DOLOR,1,0
199,1503955977,1045 LOREM IPSUM DOLOR,3,1
9,1503955977,1046 LOREM IPSUM DOLOR,1,2
176,1503955977,1047 LOREM IPSUM DOLOR,3,2
248,1503955977,1048 LOREM IPSUM DOLOR,1,1
143,1503955977,1049 LOREM IPSUM DOLOR,0,1
50,1503955977,1050 LOREM IPSUM DOLOR,3,2
154,1503955977,1051 LOREM IPSUM DOLOR,2,0
33,1503955977,1052 LOREM IPSUM DOLOR,2,1
222,1503955977,1053 LOREM IPSUM DOLOR,1,2
109,1503955977,1054 LOREM IPSUM DOLOR,1,2
239,1503955977,1055 LOREM IPSUM DOLOR,2,1
52,1503955977,1056 LOREM IPSUM DOLOR,2,2
246,1503955977,1057 LOREM IPSUM DOLOR,3,1
33,1503955977,1058 LOREM IPSUM DOLOR,0,0
215,1503955977,1059 LOREM IPSUM DOLOR,0,2
180,1503955977,1060 LOREM IPSUM DOLOR,1,2
137,1503955977,1061 LOREM IPSUM DOLOR,1,3
5,1503955977,1062 LOREM IPSUM DOLOR,1,2
205,1503955977,1063 LOREM IPSUM DOLOR,2,0
238,1503955977,1064 LOREM IPSUM DOLOR,3,2
145,1503955977,1065 LOREM IPSUM DOLOR,1,2
241,1503955977,1066 LOREM IPSUM DOLOR,1,2
77,1503955977,1067 LOREM IPSUM DOLOR,1,3
154,1503955977,1068 LOREM IPSUM DOLOR,1,1
188,1503955977,1069 LOREM IPSUM DOLOR,1,2
162,1503955977,1070 LOREM IPSUM DOLOR,2,2
220,1503955977,1071 LOREM IPSUM DOLOR,3,2
15,1503955977,1072 LOREM IPSUM DOLOR,1,2
146,1503955977,1073 LOREM IPSUM DOLOR,3,0
49,1503955977,1074 LOREM IPSUM DOLOR,2,0
216,1503955977,1075 LOREM IPSUM DOLOR,3,3
183,1503955977,1076 LOREM IPSUM DOLOR,1,1
131,1503955977,1077 LOREM IPSUM DOLOR,0,3
109,1503955977,1078 LOREM IPSUM DOLOR,2,1
48,1503955977,1079 LOREM IPSUM DOLOR,3,2
105,1503955977,1080 LOREM IPSUM DOLOR,1,2
91,1503955977,1081 LOREM IPSUM DOLOR,2,3
78,1503955977,1082 LOREM IPSUM DOLOR,2,2
47,1503955977,1083 LOREM IPSUM DOLOR,2,1
61,1503955977,1084 LOREM IPSUM DOLOR,2,3
48,1503955977,1085 LOREM IPSUM DOLOR,3,3
153,1503955977,1086 LOREM IPSUM DOLOR,1,1
182,1503955977,1087 LOREM IPSUM DOLOR,1,1
240,1503955977,1088 LOREM IPSUM DOLOR,3,2
43,1503955977,1089 LOREM IPSUM DOLOR,1,0
235,1503955977,1090 LOREM IPSUM DOLOR,1,2
239,1503955977,1091 LOREM IPSUM DOLOR,2,1
32,1503955977,1092 LOREM IPSUM DOLOR,3,3
40,1503955977,1093 LOREM IPSUM DOLOR,2,2
224,1503955977,1094 LOREM IPSUM DOLOR,1,3
189,1503955977,1095 LOREM IPSUM DOLOR,2,1
173,1503955977,1096 LOREM IPSUM DOLOR,1,2
102,1503955977,1097 LOREM IPSUM DOLOR,2,2
201,1503955977,1098 LOREM IPSUM DOLOR,1,2
69,1503955977,1099 LOREM IPSUM DOLOR,0,2
74,1503955977,1100 LOREM IPSUM DOLOR,3,2
153,1503955977,1101 LOREM IPSUM DOLOR,2,3
216,1503955977,1102 LOREM IPSUM DOLOR,0,2
92,1503955977,1103 LOREM IPSUM DOLOR,3,3
151,1503955977,1104 LOREM IPSUM DOLOR,3,1
197,1503955977,1105 LOREM IPSUM DOLOR,2,3
74,1503955977,1106 LOREM IPSUM DOLOR,0,2
131,1503955977,1107 LOREM IPSUM DOLOR,3,1
27,1503955977,1108 LOREM IPSUM DOLOR,0,0
229,1503955977,1109 LOREM IPSUM DOLOR,2,2
242,1503955977,1110 LOREM IPSUM DOLOR,2,1
168,1503955977,1111 LOREM IPSUM DOLOR,1,2
67,1503955977,1112 LOREM IPSUM DOLOR,1,1
101,1503955977,1113 LOREM IPSUM DOLOR,1,0
34,1503955977,1114 LOREM IPSUM DOLOR,2,2
91,1503955977,1115 LOREM IPSUM DOLOR,3,2
134,1503955977,1116 LOREM IPSUM DOLOR,0,0
26,1503955977,1117 LOREM IPSUM DOLOR,1,1
228,1503955977,1118 LOREM IPSUM DOLOR,2,1
152,1503955977,1119 LOREM IPSUM DOLOR,2,1
104,1503955977,1120 LOREM IPSUM DOLOR,1,2
120,1503955977,1121 LOREM IPSUM DOLOR,2,1
243,1503955977,1122 LOREM IPSUM DOLOR,0,1
28,1503955977,1123 LOREM IPSUM DOLOR,3,2
209,1503955977,1124 LOREM IPSUM DOLOR,3,2
113,1503955977,1125 LOREM IPSUM DOLOR,1,1
51,1503955977,1126 LOREM IPSUM DOLOR,3,2
47,1503955977,1127 LOREM IPSUM DOLOR,0,2
49,1503955977,1128 LOREM IPSUM DOLOR,0,2
203,1503955977,1129 LOREM IPSUM DOLOR,1,2
38,1503955977,1130 LOREM IPSUM DOLOR,1,2
201,1503955977,1131 LOREM IPSUM DOLOR,0,2
159,1503955977,1132 LOREM IPSUM DOLOR,1,1
200,1503955977,1133 LOREM IPSUM DOLOR,1,0
222,1503955977,1134 LOREM IPSUM DOLOR,2,1
19,1503955977,1135 LOREM IPSUM DOLOR,2,0
190,1503955977,1136 LOREM IPSUM DOLOR,1,1
226,1503955977,1137 LOREM IPSUM DOLOR,1,1
52,1503955977,1138 LOREM IPSUM DOLOR,2,1
235,1503955977,1139 LOREM IPSUM DOLOR,2,1
53,1503955977,1140 LOREM IPSUM DOLOR,1,0
182,1503955977,1141 LOREM IPSUM DOLOR,2,1
59,1503955977,1142 LOREM IPSUM DOLOR,0,2
138,1503955977,1143 LOREM IPSUM DOLOR,0,1
148,1503955977,1144 LOREM IPSUM DOLOR,1,3
110,1503955977,1145 LOREM IPSUM DOLOR,0,0
127,1503955977,1146 LOREM IPSUM DOLOR,0,2
230,1503955977,1147 LOREM IPSUM DOLOR,1,3
213,1503955977,1148 LOREM IPSUM DOLOR,0,3
122,1503955977,1149 LOREM IPSUM DOLOR,3,1
113,1503955977,1150 LOREM IPSUM DOLOR,2,1
85,1503955977,1151 LOREM IPSUM DOLOR,2,0
29,1503955977,1152 LOREM IPSUM DOLOR,2,3
15,1503955977,1153 LOREM IPSUM DOLOR,1,2
167,1503955977,1154 LOREM IPSUM DOLOR,1,2
125,1503955977,1155 LOREM IPSUM DOLOR,2,2
20,1503955977,1156 LOREM IPSUM DOLOR,0,2
162,1503955977,1157 LOREM IPSUM DOLOR,3,1
167,1503955977,1158 LOREM IPSUM DOLOR,3,2
209,1503955977,1159 LOREM IPSUM DOLOR,1,2
147,1503955977,1160 LOREM IPSUM DOLOR,2,1
113,1503955977,1161 LOREM IPSUM DOLOR,0,1
244,1503955977,1162 LOREM IPSUM DOLOR,2,1
178,1503955977,1163 LOREM IPSUM DOLOR,2,0
226,1503955977,1164 LOREM IPSUM DOLOR,0,0
185,1503955977,1165 LOREM IPSUM DOLOR,3,2
237,1503955977,1166 LOREM IPSUM DOLOR,3,2
63,1503955977,1167 LOREM IPSUM DOLOR,3,2
9,1503955977,1168 LOREM IPSUM DOLOR,1,2
101,1503955977,1169 LOREM IPSUM DOLOR,1,1
33,1503955977,1170 LOREM IPSUM DOLOR,2,3
94,1503955977,1171 LOREM IPSUM DOLOR,3,1
54,1503955977,1172 LOREM IPSUM DOLOR,3,2
75,1503955977,1173 LOREM IPSUM DOLOR,0,2
174,1503955977,1174 LOREM IPSUM DOLOR,1,1
173,1503955977,1175 LOREM IPSUM DOLOR,2,2
249,1503955977,1176 LOREM IPSUM DOLOR,1,1
173,1503955977,1177 LOREM IPSUM DOLOR,3,1
77,1503955977,1178 LOREM IPSUM DOLOR,1,3
224,1503955977,1179 LOREM IPSUM DOLOR,1,1
41,1503955977,1180 LOREM IPSUM DOLOR,1,3
50,1503955977,1181 LOREM IPSUM DOLOR,3,3
161,1503955977,1182 LOREM IPSUM DOLOR,0,3
123,1503955977,1183 LOREM IPSUM DOLOR,1,2
181,1503955977,1184 LOREM IPSUM DOLOR,3,2
211,1503955977,1185 LOREM IPSUM DOLOR,1,2
199,1503955977,1186 LOREM IPSUM DOLOR,2,0
94,1503955977,1187 LOREM IPSUM DOLOR,0,1
82,1503955977,1188 LOREM IPSUM DOLOR,1,3
12,1503955977,1189 LOREM IPSUM DOLOR,3,1
219,1503955977,1190 LOREM IPSUM DOLOR,1,2
22,1503955977,1191 LOREM IPSUM DOLOR,0,1
155,1503955977,1192 LOREM IPSUM DOLOR,1,2
206,1503955977,1193 LOREM IPSUM DOLOR,3,1
237,1503955977,1194 LOREM IPSUM DOLOR,2,3
220,1503955977,1195 LOREM IPSUM DOLOR,2,3
61,1503955977,1196 LOREM IPSUM DOLOR,0,1
115,1503955977,1197 LOREM IPSUM DOLOR,1,1
62,1503955977,1198 LOREM IPSUM DOLOR,2,3
90,1503955977,1199 LOREM IPSUM DOLOR,1,1
147,1503955977,1200 LOREM IPSUM DOLOR,2,2
17,1503955977,1201 LOREM IPSUM DOLOR,3,0
130,1503955977,1202 LOREM IPSUM DOLOR,0,1
85,1503955977,1203 LOREM IPSUM DOLOR,2,0
58,1503955977,1204 LOREM IPSUM DOLOR,1,2
174,1503955977,1205 LOREM IPSUM DOLOR,2,3
68,1503955977,1206 LOREM IPSUM DOLOR,3,3
34,1503955977,1207 LOREM IPSUM DOLOR,3,3
169,1503955977,1208 LOREM IPSUM DOLOR,0,2
248,1503955977,1209 LOREM IPSUM DOLOR,0,1
141,1503955977,1210 LOREM IPSUM DOLOR,2,3
250,1503955977,1211 LOREM IPSUM DOLOR,0,1
96,1503955977,1212 LOREM IPSUM DOLOR,2,1
84,1503955977,1213 LOREM IPSUM DOLOR,1,2
196,1503955977,1214 LOREM IPSUM DOLOR,1,3
198,1503955977,1215 LOREM IPSUM DOLOR,2,1
68,1503955977,1216 LOREM IPSUM DOLOR,2,2
98,1503955977,1217 LOREM IPSUM DOLOR,1,2
78,1503955977,1218 LOREM IPSUM DOLOR,0,1
26,1503955977,1219 LOREM IPSUM DOLOR,3,1
50,1503955977,1220 LOREM IPSUM DOLOR,0,1
13,1503955977,1221 LOREM IPSUM DOLOR,2,3
61,1503955977,1222 LOREM IPSUM DOLOR,0,2
106,1503955977,1223 LOREM IPSUM DOLOR,1,0
224,1503955977,1224 LOREM IPSUM DOLOR,1,0
129,1503955977,1225 LOREM IPSUM DOLOR,2,0
166,1503955977,1226 LOREM IPSUM DOLOR,0,2
126,1503955977,1227 LOREM IPSUM DOLOR,0,1
69,1503955977,1228 LOREM IPSUM DOLOR,0,2
53,1503955977,1229 LOREM IPSUM DOLOR,2,1
4,1503955977,1230 LOREM IPSUM DOLOR,2,3
3,1503955977,1231 LOREM IPSUM DOLOR,2,2
177,1503955977,1232 LOREM IPSUM DOLOR,2,3
153,1503955977,1233 LOREM IPSUM DOLOR,1,2
221,1503955977,1234 LOREM IPSUM DOLOR,1,0
103,1503955977,1235 LOREM IPSUM DOLOR,1,1
219,1503955977,1236 LOREM IPSUM DOLOR,0,0
202,1503955977,1237 LOREM IPSUM DOLOR,1,1
204,1503955977,1238 LOREM IPSUM DOLOR,2,2
62,1503955977,1239 LOREM IPSUM DOLOR,2,1
80,1503955977,1240 LOREM IPSUM DOLOR,2,0
241,1503955977,1241 LOREM IPSUM DOLOR,1,1
175,1503955977,1242 LOREM IPSUM DOLOR,2,1
145,1503955977,1243 LOREM IPSUM DOLOR,2,3
129,1503955977,1244 LOREM IPSUM DOLOR,3,2
20,1503955977,1245 LOREM IPSUM DOLOR,2,3
69,1503955977,1246 LOREM IPSUM DOLOR,2,2
195,1503955977,1247 LOREM IPSUM DOLOR,1,1
43,1503955977,1248 LOREM IPSUM DOLOR,2,2
47,1503955977,1249 LOREM IPSUM DOLOR,2,1
243,1503955977,1250 LOREM IPSUM DOLOR,0,0
37,1503955977,1251 LOREM IPSUM DOLOR,3,2
74,1503955977,1252 LOREM IPSUM DOLOR,2,1
133,1503955977,1253 LOREM IPSUM DOLOR,3,0
14,1503955977,1254 LOREM IPSUM DOLOR,0,2
16,1503955977,1255 LOREM IPSUM DOLOR,2,0
89,1503955977,1256 LOREM IPSUM DOLOR,0,3
236,1503955977,1257 LOREM IPSUM DOLOR,2,2
231,1503955977,1258 LOREM IPSUM DOLOR,1,1
125,1503955977,1259 LOREM IPSUM DOLOR,1,1
225,1503955977,1260 LOREM IPSUM DOLOR,2,1
75,1503955977,1261 LOREM IPSUM DOLOR,0,1
24,1503955977,1262 LOREM IPSUM DOLOR,1,3
148,1503955977,1263 LOREM IPSUM DOLOR,2,2
140,1503955977,1264 LOREM IPSUM DOLOR,2,3
156,1503955977,1265 LOREM IPSUM DOLOR,0,2
35,1503955977,1266 LOREM IPSUM DOLOR,2,1
247,1503955977,1267 LOREM IPSUM DOLOR,0,2
237,1503955977,1268 LOREM IPSUM DOLOR,2,0
119,1503955977,1269 LOREM IPSUM DOLOR,3,0
90,1503955977,1270 LOREM IPSUM DOLOR,1,2
90,1503955977,1271 LOREM IPSUM DOLOR,1,3
145,1503955977,1272 LOREM IPSUM DOLOR,2,1
223,1503955977,1273 LOREM IPSUM DOLOR,0,1
190,1503955977,1274 LOREM IPSUM DOLOR,0,2
241,1503955977,1275 LOREM IPSUM DOLOR,0,1
68,1503955977,1276 LOREM IPSUM DOLOR,0,0
148,1503955977,1277 LOREM IPSUM DOLOR,2,2
125,1503955977,1278 LOREM IPSUM DOLOR,1,0
238,1503955977,1279 LOREM IPSUM DOLOR,2,1
228,1503955977,1280 LOREM IPSUM DOLOR,0,1
108,1503955977,1281 LOREM IPSUM DOLOR,2,0
203,1503955977,1282 LOREM IPSUM DOLOR,1,1
15,1503955977,1283 LOREM IPSUM DOLOR,2,2
148,1503955977,1284 LOREM IPSUM DOLOR,3,2
184,1503955977,1285 LOREM IPSUM DOLOR,2,1
5,1503955977,1286 LOREM IPSUM DOLOR,2,1
210,1503955977,1287 LOREM IPSUM DOLOR,3,3
242,1503955977,1288 LOREM IPSUM DOLOR,2,2
235,1503955977,1289 LOREM IPSUM DOLOR,1,3
203,1503955977,1290 LOREM IPSUM DOLOR,2,2
135,1503955977,1291 LOREM IPSUM DOLOR,1,1
39,1503955977,1292 LOREM IPSUM DOLOR,2,2
207,1503955977,1293 LOREM IPSUM DOLOR,0,1
173,1503955977,1294 LOREM IPSUM DOLOR,2,2
249,1503955977,1295 LOREM IPSUM DOLOR,2,2
126,1503955977,1296 LOREM IPSUM DOLOR,1,3
201,1503955977,1297 LOREM IPSUM DOLOR,2,0
128,1503955977,1298 LOREM IPSUM DOLOR,0,1
77,1503955977,1299 LOREM IPSUM DOLOR,1,2
17,1503955977,1300 LOREM IPSUM DOLOR,2,1
132,1503955977,1301 LOREM IPSUM DOLOR,2,1
2,1503955977,1302 LOREM IPSUM DOLOR,3,2
28,1503955977,1303 LOREM IPSUM DOLOR,0,1
148,1503955977,1304 LOREM IPSUM DOLOR,0,1
209,1503955977,1305 LOREM IPSUM DOLOR,1,0
190,1503955977,1306 LOREM IPSUM DOLOR,1,2
7,1503955977,1307 LOREM IPSUM DOLOR,1,2
229,1503955977,1308 LOREM IPSUM DOLOR,2,1
125,1503955977,1309 LOREM IPSUM DOLOR,2,0
6,1503955977,1310 LOREM IPSUM DOLOR,1,1
109,1503955977,1311 LOREM IPSUM DOLOR,2,2
135,1503955977,1312 LOREM IPSUM DOLOR,1,1
68,1503955977,1313 LOREM IPSUM DOLOR,1,3
50,1503955977,1314 LOREM IPSUM DOLOR,2,2
2,1503955977,1315 LOREM IPSUM DOLOR,1,1
88,1503955977,1316 LOREM IPSUM DOLOR,1,1
143,1503955977,1317 LOREM IPSUM DOLOR,1,0
95,1503955977,1318 LOREM IPSUM DOLOR,1,2
159,1503955977,1319 LOREM IPSUM DOLOR,2,3
128,1503955977,1320 LOREM IPSUM DOLOR,1,2
21,1503955977,1321 LOREM IPSUM DOLOR,1,2
228,1503955977,1322 LOREM IPSUM DOLOR,2,2
89,1503955977,1323 LOREM IPSUM DOLOR,2,0
24,1503955977,1324 LOREM IPSUM DOLOR,0,2
88,1503955977,1325 LOREM IPSUM DOLOR,0,2
220,1503955977,1326 LOREM IPSUM DOLOR,2,3
75,1503955977,1327 LOREM IPSUM DOLOR,2,2
245,1503955977,1328 LOREM IPSUM DOLOR,1,2
40,1503955977,1329 LOREM IPSUM DOLOR,3,2
112,1503955977,1330 LOREM IPSUM DOLOR,1,1
25,1503955977,1331 LOREM IPSUM DOLOR,1,1
53,1503955977,1332 LOREM IPSUM DOLOR,2,2
33,1503955977,1333 LOREM IPSUM DOLOR,1,3
218,1503955977,1334 LOREM IPSUM DOLOR,1,3
221,1503955977,1335 LOREM IPSUM DOLOR,0,0
9,1503955977,1336 LOREM IPSUM DOLOR,1,0
125,1503955977,1337 LOREM IPSUM DOLOR,2,2
79,1503955977,1338 LOREM IPSUM DOLOR,1,1
151,1503955977,1339 LOREM IPSUM DOLOR,2,2
164,1503955977,1340 LOREM IPSUM DOLOR,3,0
152,1503955977,1341 LOREM IPSUM DOLOR,1,3
230,1503955977,1342 LOREM IPSUM DOLOR,1,1
103,1503955977,1343 LOREM IPSUM DOLOR,0,2
204,1503955977,1344 LOREM IPSUM DOLOR,1,2
102,1503955977,1345 LOREM IPSUM DOLOR,3,0
247,1503955977,1346 LOREM IPSUM DOLOR,2,1
31,1503955977,1347 LOREM IPSUM DOLOR,1,2
229,1503955977,1348 LOREM IPSUM DOLOR,2,1
118,1503955977,1349 LOREM IPSUM DOLOR,1,0
32,1503955977,1350 LOREM IPSUM DOLOR,3,1
174,1503955977,1351 LOREM IPSUM DOLOR,0,1
55,1503955977,1352 LOREM IPSUM DOLOR,1,3
12,1503955977,1353 LOREM IPSUM DOLOR,2,3
211,1503955977,1354 LOREM IPSUM DOLOR,1,1
15,1503955977,1355 LOREM IPSUM DOLOR,1,3
78,1503955977,1356 LOREM IPSUM DOLOR,2,3
93,1503955977,1357 LOREM IPSUM DOLOR,1,1
241,1503955977,1358 LOREM IPSUM DOLOR,1,1
46,1503955977,1359 LOREM IPSUM DOLOR,0,3
6,1503955977,1360 LOREM IPSUM DOLOR,2,3
96,1503955977,1361 LOREM IPSUM DOLOR,2,1
202,1503955977,1362 LOREM IPSUM DOLOR,3,1
242,1503955977,1363 LOREM IPSUM DOLOR,3,1
122,1503955977,1364 LOREM IPSUM DOLOR,0,1
77,1503955977,1365 LOREM IPSUM DOLOR,1,0
235,1503955977,1366 LOREM IPSUM DOLOR,1,2
20,1503955977,1367 LOREM IPSUM DOLOR,2,0
90,1503955977,1368 LOREM IPSUM DOLOR,0,2
61,1503955977,1369 LOREM IPSUM DOLOR,1,1
126,1503955977,1370 LOREM IPSUM DOLOR,2,3
249,1503955977,1371 LOREM IPSUM DOLOR,1,1
238,1503955977,1372 LOREM IPSUM DOLOR,3,3
49,1503955977,1373 LOREM IPSUM DOLOR,2,1
171,1503955977,1374 LOREM IPSUM DOLOR,2,2
48,1503955977,1375 LOREM IPSUM DOLOR,3,2
217,1503955977,1376 LOREM IPSUM DOLOR,1,2
22,1503955977,1377 LOREM IPSUM DOLOR,2,0
58,1503955977,1378 LOREM IPSUM DOLOR,0,2
9,1503955977,1379 LOREM IPSUM DOLOR,3,0
242,1503955977,1380 LOREM IPSUM DOLOR,2,1
114,1503955977,1381 LOREM IPSUM DOLOR,3,2
73,1503955977,1382 LOREM IPSUM DOLOR,1,2
175,1503955977,1383 LOREM IPSUM DOLOR,1,2
111,1503955977,1384 LOREM IPSUM DOLOR,3,2
215,1503955977,1385 LOREM IPSUM DOLOR,1,2
157,1503955977,1386 LOREM IPSUM DOLOR,1,2
41,1503955977,1387 LOREM IPSUM DOLOR,1,2
172,1503955977,1388 LOREM IPSUM DOLOR,1,0
32,1503955977,1389 LOREM IPSUM DOLOR,3,2
53,1503955977,1390 LOREM IPSUM DOLOR,2,1
229,1503955977,1391 LOREM IPSUM DOLOR,3,1
48,1503955977,1392 LOREM IPSUM DOLOR,1,1
222,1503955977,1393 LOREM IPSUM DOLOR,0,2
214,1503955977,1394 LOREM IPSUM DOLOR,1,1
188,1503955977,1395 LOREM IPSUM DOLOR,1,2
23,1503955977,1396 LOREM IPSUM DOLOR,1,3
149,1503955977,1397 LOREM IPSUM DOLOR,2,1
240,1503955977,1398 LOREM IPSUM DOLOR,1,1
230,1503955977,1399 LOREM IPSUM DOLOR,2,0
43,1503955977,1400 LOREM IPSUM DOLOR,0,1
52,1503955977,1401 LOREM IPSUM DOLOR,2,1
19,1503955977,1402 LOREM IPSUM DOLOR,1,0
71,1503955977,1403 LOREM IPSUM DOLOR,2,0
244,1503955977,1404 LOREM IPSUM DOLOR,2,1
137,1503955977,1405 LOREM IPSUM DOLOR,2,1
191,1503955977,1406 LOREM IPSUM DOLOR,1,3
105,1503955977,1407 LOREM IPSUM DOLOR,2,0
159,1503955977,1408 LOREM IPSUM DOLOR,2,0
117,1503955977,1409 LOREM IPSUM DOLOR,3,2
20,1503955977,1410 LOREM IPSUM DOLOR,3,3
25,1503955977,1411 LOREM IPSUM DOLOR,0,2
198,1503955977,1412 LOREM IPSUM DOLOR,2,1
89,1503955977,1413 LOREM IPSUM DOLOR,1,1
158,1503955977,1414 LOREM IPSUM DOLOR,2,1
3,1503955977,1415 LOREM IPSUM DOLOR,1,1
47,1503955977,1416 LOREM IPSUM DOLOR,2,3
205,1503955977,1417 LOREM IPSUM DOLOR,3,3
128,1503955977,1418 LOREM IPSUM DOLOR,3,3
83,1503955977,1419 LOREM IPSUM DOLOR,0,1
108,1503955977,1420 LOREM IPSUM DOLOR,2,0
103,1503955977,1421 LOREM IPSUM DOLOR,2,2
61,1503955977,1422 LOREM IPSUM DOLOR,1,2
149,1503955977,1423 LOREM IPSUM DOLOR,3,3
32,1503955977,1424 LOREM IPSUM DOLOR,0,0
31,1503955977,1425 LOREM IPSUM DOLOR,0,2
24,1503955977,1426 LOREM IPSUM DOLOR,0,1
76,1503955977,1427 LOREM IPSUM DOLOR,2,0
13,1503955977,1428 LOREM IPSUM DOLOR,2,2
136,1503955977,1429 LOREM IPSUM DOLOR,2,0
68,1503955977,1430 LOREM IPSUM DOLOR,0,2
116,1503955977,1431 LOREM IPSUM DOLOR,2,0
100,1503955977,1432 LOREM IPSUM DOLOR,3,2
38,1503955977,1433 LOREM IPSUM DOLOR,2,1
47,1503955977,1434 LOREM IPSUM DOLOR,2,3
157,1503955977,1435 LOREM IPSUM DOLOR,1,0
230,1503955977,1436 LOREM IPSUM DOLOR,3,0
69,1503955977,1437 LOREM IPSUM DOLOR,1,2
144,1503955977,1438 LOREM IPSUM DOLOR,1,1
239,1503955977,1439 LOREM IPSUM DOLOR,2,2
245,1503955977,1440 LOREM IPSUM DOLOR,2,1
64,1503955977,1441 LOREM IPSUM DOLOR,3,2
99,1503955977,1442 LOREM IPSUM DOLOR,1,1
54,1503955977,1443 LOREM IPSUM DOLOR,0,1
109,1503955977,1444 LOREM IPSUM DOLOR,2,1
98,1503955977,1445 LOREM IPSUM DOLOR,2,1
97,1503955977,1446 LOREM IPSUM DOLOR,3,1
218,1503955977,1447 LOREM IPSUM DOLOR,2,3
191,1503955977,1448 LOREM IPSUM DOLOR,1,2
145,1503955977,1449 LOREM IPSUM DOLOR,0,3
118,1503955977,1450 LOREM IPSUM DOLOR,2,2
224,1503955977,1451 LOREM IPSUM DOLOR,1,0
16,1503955977,1452 LOREM IPSUM DOLOR,1,2
193,1503955977,1453 LOREM IPSUM DOLOR,2,2
213,1503955977,1454 LOREM IPSUM DOLOR,1,1
6,1503955977,1455 LOREM IPSUM DOLOR,2,3
94,1503955977,1456 LOREM IPSUM DOLOR,2,0
112,1503955977,1457 LOREM IPSUM DOLOR,1,3
246,1503955977,1458 LOREM IPSUM DOLOR,1,0
21,1503955977,1459 LOREM IPSUM DOLOR,2,3
86,1503955977,1460 LOREM IPSUM DOLOR,1,3
23,1503955977,1461 LOREM IPSUM DOLOR,1,1
13,1503955977,1462 LOREM IPSUM DOLOR,1,1
147,1503955977,1463 LOREM IPSUM DOLOR,2,1
166,1503955977,1464 LOREM IPSUM DOLOR,2,3
117,1503955977,1465 LOREM IPSUM DOLOR,2,1
133,1503955977,1466 LOREM IPSUM DOLOR,1,3
236,1503955977,1467 LOREM IPSUM DOLOR,0,2
211,1503955977,1468 LOREM IPSUM DOLOR,3,1
139,1503955977,1469 LOREM IPSUM DOLOR,1,0
40,1503955977,1470 LOREM IPSUM DOLOR,2,1
27,1503955977,1471 LOREM IPSUM DOLOR,2,0
181,1503955977,1472 LOREM IPSUM DOLOR,0,2
186,1503955977,1473 LOREM IPSUM DOLOR,1,2
41,1503955977,1474 LOREM IPSUM DOLOR,1,1
231,1503955977,1475 LOREM IPSUM DOLOR,1,0
67,1503955977,1476 LOREM IPSUM DOLOR,1,1
55,1503955977,1477 LOREM IPSUM DOLOR,1,1
237,1503955977,1478 LOREM IPSUM DOLOR,0,1
63,1503955977,1479 LOREM IPSUM DOLOR,1,0
29,1503955977,1480 LOREM IPSUM DOLOR,3,1
131,1503955977,1481 LOREM IPSUM DOLOR,3,2
84,1503955977,1482 LOREM IPSUM DOLOR,2,1
76,1503955977,1483 LOREM IPSUM DOLOR,1,2
167,1503955977,1484 LOREM IPSUM DOLOR,3,2
16,1503955977,1485 LOREM IPSUM DOLOR,2,1
89,1503955977,1486 LOREM IPSUM DOLOR,3,1
3,1503955977,1487 LOREM IPSUM DOLOR,2,3
39,1503955977,1488 LOREM IPSUM DOLOR,1,0
122,1503955977,1489 LOREM IPSUM DOLOR,0,0
39,1503955977,1490 LOREM IPSUM DOLOR,3,1
64,1503955977,1491 LOREM IPSUM DOLOR,3,0
227,1503955977,1492 LOREM IPSUM DOLOR,3,2
121,1503955977,1493 LOREM IPSUM DOLOR,1,3
233,1503955977,1494 LOREM IPSUM DOLOR,3,0
125,1503955977,1495 LOREM IPSUM DOLOR,2,2
201,1503955977,1496 LOREM IPSUM DOLOR,3,2
8,1503955977,1497 LOREM IPSUM DOLOR,1,3
89,1503955977,1498 LOREM IPSUM DOLOR,2,2
231,1503955977,1499 LOREM IPSUM DOLOR,2,3
88,1503955977,1500 LOREM IPSUM DOLOR,3,1
103,1503955977,1501 LOREM IPSUM DOLOR,1,0
222,1503955977,1502 LOREM IPSUM DOLOR,1,2
77,1503955977,1503 LOREM IPSUM DOLOR,2,2
178,1503955977,1504 LOREM IPSUM DOLOR,2,2
225,1503955977,1505 LOREM IPSUM DOLOR,1,2
185,1503955977,1506 LOREM IPSUM DOLOR,1,0
55,1503955977,1507 LOREM IPSUM DOLOR,1,3
16,1503955977,1508 LOREM IPSUM DOLOR,3,2
92,1503955977,1509 LOREM IPSUM DOLOR,1,1
216,1503955977,1510 LOREM IPSUM DOLOR,1,1
195,1503955977,1511 LOREM IPSUM DOLOR,3,3
88,1503955977,1512 LOREM IPSUM DOLOR,3,3
55,1503955977,1513 LOREM IPSUM DOLOR,2,2
81,1503955977,1514 LOREM IPSUM DOLOR,1,2
224,1503955977,1515 LOREM IPSUM DOLOR,0,1
153,1503955977,1516 LOREM IPSUM DOLOR,0,3
164,1503955977,1517 LOREM IPSUM DOLOR,0,3
159,1503955977,1518 LOREM IPSUM DOLOR,1,1
222,1503955977,1519 LOREM IPSUM DOLOR,1,1
2,1503955977,1520 LOREM IPSUM DOLOR,1,2
241,1503955977,1521 LOREM IPSUM DOLOR,1,2
130,1503955977,1522 LOREM IPSUM DOLOR,1,2
90,1503955977,1523 LOREM IPSUM DOLOR,1,2
54,1503955977,1524 LOREM IPSUM DOLOR,2,1
174,1503955977,1525 LOREM IPSUM DOLOR,0,1
96,1503955977,1526 LOREM IPSUM DOLOR,2,2
242,1503955977,1527 LOREM IPSUM DOLOR,1,1
171,1503955977,1528 LOREM IPSUM DOLOR,1,2
196,1503955977,1529 LOREM IPSUM DOLOR,3,1
70,1503955977,1530 LOREM IPSUM DOLOR,2,3
51,1503955977,1531 LOREM IPSUM DOLOR,1,0
249,1503955977,1532 LOREM IPSUM DOLOR,1,1
183,1503955977,1533 LOREM IPSUM DOLOR,0,1
2,1503955977,1534 LOREM IPSUM DOLOR,0,3
121,1503955977,1535 LOREM IPSUM DOLOR,2,2
6,1503955977,1536 LOREM IPSUM DOLOR,1,2
98,1503955977,1537 LOREM IPSUM DOLOR,3,1
166,1503955977,1538 LOREM IPSUM DOLOR,0,2
185,1503955977,1539 LOREM IPSUM DOLOR,1,2
145,1503955977,1540 LOREM IPSUM DOLOR,1,3
85,1503955977,1541 LOREM IPSUM DOLOR,1,1
46,1503955977,1542 LOREM IPSUM DOLOR,2,1
88,1503955977,1543 LOREM IPSUM DOLOR,3,2
100,1503955977,1544 LOREM IPSUM DOLOR,1,2
84,1503955977,1545 LOREM IPSUM DOLOR,1,1
119,1503955977,1546 LOREM IPSUM DOLOR,2,2
106,1503955977,1547 LOREM IPSUM DOLOR,1,1
19,1503955977,1548 LOREM IPSUM DOLOR,2,3
183,1503955977,1549 LOREM IPSUM DOLOR,3,3
98,1503955977,1550 LOREM IPSUM DOLOR,0,2
57,1503955977,1551 LOREM IPSUM DOLOR,2,1
111,1503955977,1552 LOREM IPSUM DOLOR,1,0
243,1503955977,1553 LOREM IPSUM DOLOR,2,1
208,1503955977,1554 LOREM IPSUM DOLOR,2,3
120,1503955977,1555 LOREM IPSUM DOLOR,2,2
45,1503955977,1556 LOREM IPSUM DOLOR,2,2
202,1503955977,1557 LOREM IPSUM DOLOR,3,0
211,1503955977,1558 LOREM IPSUM DOLOR,0,1
114,1503955977,1559 LOREM IPSUM DOLOR,1,0
177,1503955977,1560 LOREM IPSUM DOLOR,2,2
191,1503955977,1561 LOREM IPSUM DOLOR,1,1
9,1503955977,1562 LOREM IPSUM DOLOR,2,2
177,1503955977,1563 LOREM IPSUM DOLOR,2,2
196,1503955977,1564 LOREM IPSUM DOLOR,2,2
146,1503955977,1565 LOREM IPSUM DOLOR,1,2
180,1503955977,1566 LOREM IPSUM DOLOR,0,1
208,1503955977,1567 LOREM IPSUM DOLOR,2,3
61,1503955977,1568 LOREM IPSUM DOLOR,3,2
50,1503955977,1569 LOREM IPSUM DOLOR,1,2
168,1503955977,1570 LOREM IPSUM DOLOR,1,2
245,1503955977,1571 LOREM IPSUM DOLOR,1,3
190,1503955977,1572 LOREM IPSUM DOLOR,1,1
143,1503955977,1573 LOREM IPSUM DOLOR,1,1
22,1503955977,1574 LOREM IPSUM DOLOR,3,1
114,1503955977,1575 LOREM IPSUM DOLOR,3,1
83,1503955977,1576 LOREM IPSUM DOLOR,0,1
139,1503955977,1577 LOREM IPSUM DOLOR,2,1
58,1503955977,1578 LOREM IPSUM DOLOR,2,1
156,1503955977,1579 LOREM IPSUM DOLOR,2,1
176,1503955977,1580 LOREM IPSUM DOLOR,2,2
66,1503955977,1581 LOREM IPSUM DOLOR,0,3
26,1503955977,1582 LOREM IPSUM DOLOR,0,2
64,1503955977,1583 LOREM IPSUM DOLOR,0,3
250,1503955977,1584 LOREM IPSUM DOLOR,2,2
246,1503955977,1585 LOREM IPSUM DOLOR,2,2
169,1503955977,1586 LOREM IPSUM DOLOR,3,3
211,1503955977,1587 LOREM IPSUM DOLOR,1,1
103,1503955977,1588 LOREM IPSUM DOLOR,3,2
160,1503955977,1589 LOREM IPSUM DOLOR,2,1
167,1503955977,1590 LOREM IPSUM DOLOR,2,2
116,1503955977,1591 LOREM IPSUM DOLOR,0,1
198,1503955977,1592 LOREM IPSUM DOLOR,0,1
236,1503955977,1593 LOREM IPSUM DOLOR,1,0
167,1503955977,1594 LOREM IPSUM DOLOR,2,2
231,1503955977,1595 LOREM IPSUM DOLOR,2,1
39,1503955977,1596 LOREM IPSUM DOLOR,3,1
73,1503955977,1597 LOREM IPSUM DOLOR,2,3
13,1503955977,1598 LOREM IPSUM DOLOR,0,0
38,1503955977,1599 LOREM IPSUM DOLOR,2,2
76,1503955977,1600 LOREM IPSUM DOLOR,2,1
147,1503955977,1601 LOREM IPSUM DOLOR,0,1
189,1503955977,1602 LOREM IPSUM DOLOR,0,1
105,1503955977,1603 LOREM IPSUM DOLOR,1,2
82,1503955977,1604 LOREM IPSUM DOLOR,1,2
12,1503955977,1605 LOREM IPSUM DOLOR,1,0
114,1503955977,1606 LOREM IPSUM DOLOR,2,3
44,1503955977,1607 LOREM IPSUM DOLOR,2,1
176,1503955977,1608 LOREM IPSUM DOLOR,0,0
81,1503955977,1609 LOREM IPSUM DOLOR,2,1
49,1503955977,1610 LOREM IPSUM DOLOR,3,1
127,1503955977,1611 LOREM IPSUM DOLOR,0,1
212,1503955977,1612 LOREM IPSUM DOLOR,2,0
225,1503955977,1613 LOREM IPSUM DOLOR,2,1
124,1503955977,1614 LOREM IPSUM DOLOR,1,2
237,1503955977,1615 LOREM IPSUM DOLOR,2,1
18,1503955977,1616 LOREM IPSUM DOLOR,0,0
193,1503955977,1617 LOREM IPSUM DOLOR,0,1
49,1503955977,1618 LOREM IPSUM DOLOR,3,1
200,1503955977,1619 LOREM IPSUM DOLOR,3,1
112,1503955977,1620 LOREM IPSUM DOLOR,2,2
116,1503955977,1621 LOREM IPSUM DOLOR,2,0
116,1503955977,1622 LOREM IPSUM DOLOR,1,0
241,1503955977,1623 LOREM IPSUM DOLOR,3,0
188,1503955977,1624 LOREM IPSUM DOLOR,2,1
35,1503955977,1625 LOREM IPSUM DOLOR,2,0
80,1503955977,1626 LOREM IPSUM DOLOR,0,1
161,1503955977,1627 LOREM IPSUM DOLOR,1,1
205,1503955977,1628 LOREM IPSUM DOLOR,2,2
101,1503955977,1629 LOREM IPSUM DOLOR,2,1
231,1503955977,1630 LOREM IPSUM DOLOR,2,1
78,1503955977,1631 LOREM IPSUM DOLOR,2,3
31,1503955977,1632 LOREM IPSUM DOLOR,1,2
136,1503955977,1633 LOREM IPSUM DOLOR,0,1
208,1503955977,1634 LOREM IPSUM DOLOR,1,1
27,1503955977,1635 LOREM IPSUM DOLOR,1,2
35,1503955977,1636 LOREM IPSUM DOLOR,1,1
24,1503955977,1637 LOREM IPSUM DOLOR,2,2
205,1503955977,1638 LOREM IPSUM DOLOR,1,0
35,1503955977,1639 LOREM IPSUM DOLOR,1,2
200,1503955977,1640 LOREM IPSUM DOLOR,3,1
66,1503955977,1641 LOREM IPSUM DOLOR,2,2
49,1503955977,1642 LOREM IPSUM DOLOR,2,1
2,1503955977,1643 LOREM IPSUM DOLOR,0,0
190,1503955977,1644 LOREM IPSUM DOLOR,0,2
205,1503955977,1645 LOREM IPSUM DOLOR,1,1
131,1503955977,1646 LOREM IPSUM DOLOR,1,3
154,1503955977,1647 LOREM IPSUM DOLOR,0,0
185,1503955977,1648 LOREM IPSUM DOLOR,2,1
230,1503955977,1649 LOREM IPSUM DOLOR,3,1
63,1503955977,1650 LOREM IPSUM DOLOR,2,0
10,1503955977,1651 LOREM IPSUM DOLOR,1,0
119,1503955977,1652 LOREM IPSUM DOLOR,0,2
60,1503955977,1653 LOREM IPSUM DOLOR,1,1
101,1503955977,1654 LOREM IPSUM DOLOR,3,1
84,1503955977,1655 LOREM IPSUM DOLOR,1,3
119,1503955977,1656 LOREM IPSUM DOLOR,3,3
189,1503955977,1657 LOREM IPSUM DOLOR,0,1
139,1503955977,1658 LOREM IPSUM DOLOR,0,2
121,1503955977,1659 LOREM IPSUM DOLOR,1,3
132,1503955977,1660 LOREM IPSUM DOLOR,1,1
216,1503955977,1661 LOREM IPSUM DOLOR,2,2
27,1503955977,1662 LOREM IPSUM DOLOR,1,2
66,1503955977,1663 LOREM IPSUM DOLOR,2,0
182,1503955977,1664 LOREM IPSUM DOLOR,1,2
235,1503955977,1665 LOREM IPSUM DOLOR,0,2
223,1503955977,1666 LOREM IPSUM DOLOR,1,3
157,1503955977,1667 LOREM IPSUM DOLOR,2,2
188,1503955977,1668 LOREM IPSUM DOLOR,1,3
15,1503955977,1669 LOREM IPSUM DOLOR,1,1
206,1503955977,1670 LOREM IPSUM DOLOR,0,3
214,1503955977,1671 LOREM IPSUM DOLOR,2,1
158,1503955977,1672 LOREM IPSUM DOLOR,1,1
80,1503955977,1673 LOREM IPSUM DOLOR,1,2
80,1503955977,1674 LOREM IPSUM DOLOR,1,2
166,1503955977,1675 LOREM IPSUM DOLOR,3,2
208,1503955977,1676 LOREM IPSUM DOLOR,2,2
83,1503955977,1677 LOREM IPSUM DOLOR,0,2
70,1503955977,1678 LOREM IPSUM DOLOR,1,0
10,1503955977,1679 LOREM IPSUM DOLOR,0,3
24,1503955977,1680 LOREM IPSUM DOLOR,0,2
17,1503955977,1681 LOREM IPSUM DOLOR,0,0
234,1503955977,1682 LOREM IPSUM DOLOR,3,0
235,1503955977,1683 LOREM IPSUM DOLOR,2,1
75,1503955977,1684 LOREM IPSUM DOLOR,1,1
110,1503955977,1685 LOREM IPSUM DOLOR,0,1
96,1503955977,1686 LOREM IPSUM DOLOR,2,3
235,1503955977,1687 LOREM IPSUM DOLOR,2,2
63,1503955977,1688 LOREM IPSUM DOLOR,1,2
204,1503955977,1689 LOREM IPSUM DOLOR,2,3
219,1503955977,1690 LOREM IPSUM DOLOR,3,0
201,1503955977,1691 LOREM IPSUM DOLOR,0,2
62,1503955977,1692 LOREM IPSUM DOLOR,0,2
204,1503955977,1693 LOREM IPSUM DOLOR,1,3
10,1503955977,1694 LOREM IPSUM DOLOR,2,3
217,1503955977,1695 LOREM IPSUM DOLOR,2,1
120,1503955977,1696 LOREM IPSUM DOLOR,1,0
244,1503955977,1697 LOREM IPSUM DOLOR,2,2
63,1503955977,1698 LOREM IPSUM DOLOR,1,1
83,1503955977,1699 LOREM IPSUM DOLOR,1,1
97,1503955977,1700 LOREM IPSUM DOLOR,0,3
140,1503955977,1701 LOREM IPSUM DOLOR,2,1
79,1503955977,1702 LOREM IPSUM DOLOR,3,1
120,1503955977,1703 LOREM IPSUM DOLOR,0,2
248,1503955977,1704 LOREM IPSUM DOLOR,2,2
134,1503955977,1705 LOREM IPSUM DOLOR,0,2
213,1503955977,1706 LOREM IPSUM DOLOR,1,1
82,1503955977,1707 LOREM IPSUM DOLOR,2,3
13,1503955977,1708 LOREM IPSUM DOLOR,3,2
13,1503955977,1709 LOREM IPSUM DOLOR,0,1
161,1503955977,1710 LOREM IPSUM DOLOR,2,3
51,1503955977,1711 LOREM IPSUM DOLOR,0,1
230,1503955977,1712 LOREM IPSUM DOLOR,2,2
249,1503955977,1713 LOREM IPSUM DOLOR,0,0
16,1503955977,1714 LOREM IPSUM DOLOR,1,0
227,1503955977,1715 LOREM IPSUM DOLOR,1,2
195,1503955977,1716 LOREM IPSUM DOLOR,2,1
65,1503955977,1717 LOREM IPSUM DOLOR,1,3
136,1503955977,1718 LOREM IPSUM DOLOR,1,3
248,1503955977,1719 LOREM IPSUM DOLOR,2,2
168,1503955977,1720 LOREM IPSUM DOLOR,2,2
65,1503955977,1721 LOREM IPSUM DOLOR,0,2
139,1503955977,1722 LOREM IPSUM DOLOR,2,3
207,1503955977,1723 LOREM IPSUM DOLOR,1,3
224,1503955977,1724 LOREM IPSUM DOLOR,2,0
218,1503955977,1725 LOREM IPSUM DOLOR,0,0
223,1503955977,1726 LOREM IPSUM DOLOR,1,2
161,1503955977,1727 LOREM IPSUM DOLOR,2,3
96,1503955977,1728 LOREM IPSUM DOLOR,1,1
84,1503955977,1729 LOREM IPSUM DOLOR,1,0
188,1503955977,1730 LOREM IPSUM DOLOR,1,3
77,1503955977,1731 LOREM IPSUM DOLOR,0,2
168,1503955977,1732 LOREM IPSUM DOLOR,2,1
232,1503955977,1733 LOREM IPSUM DOLOR,3,3
244,1503955977,1734 LOREM IPSUM DOLOR,3,3
12,1503955977,1735 LOREM IPSUM DOLOR,3,2
150,1503955977,1736 LOREM IPSUM DOLOR,1,1
173,1503955977,1737 LOREM IPSUM DOLOR,0,2
173,1503955977,1738 LOREM IPSUM DOLOR,1,1
111,1503955977,1739 LOREM IPSUM DOLOR,3,0
85,1503955977,1740 LOREM IPSUM DOLOR,2,1
35,1503955977,1741 LOREM IPSUM DOLOR,2,1
113,1503955977,1742 LOREM IPSUM DOLOR,2,2
103,1503955977,1743 LOREM IPSUM DOLOR,2,1
136,1503955977,1744 LOREM IPSUM DOLOR,1,2
156,1503955977,1745 LOREM IPSUM DOLOR,1,1
223,1503955977,1746 LOREM IPSUM DOLOR,2,3
110,1503955977,1747 LOREM IPSUM DOLOR,1,1
45,1503955977,1748 LOREM IPSUM DOLOR,2,0
122,1503955977,1749 LOREM IPSUM DOLOR,3,1
138,1503955977,1750 LOREM IPSUM DOLOR,0,3
19,1503955977,1751 LOREM IPSUM DOLOR,2,1
144,1503955977,1752 LOREM IPSUM DOLOR,1,0
174,1503955977,1753 LOREM IPSUM DOLOR,2,2
85,1503955977,1754 LOREM IPSUM DOLOR,1,2
19,1503955977,1755 LOREM IPSUM DOLOR,1,1
40,1503955977,1756 LOREM IPSUM DOLOR,2,2
12,1503955977,1757 LOREM IPSUM DOLOR,0,3
222,1503955977,1758 LOREM IPSUM DOLOR,1,1
238,1503955977,1759 LOREM IPSUM DOLOR,1,2
201,1503955977,1760 LOREM IPSUM DOLOR,1,2
211,1503955977,1761 LOREM IPSUM DOLOR,1,0
206,1503955977,1762 LOREM IPSUM DOLOR,2,1
245,1503955977,1763 LOREM IPSUM DOLOR,1,1
150,1503955977,1764 LOREM IPSUM DOLOR,2,0
55,1503955977,1765 LOREM IPSUM DOLOR,3,2
31,1503955977,1766 LOREM IPSUM DOLOR,2,1
200,1503955977,1767 LOREM IPSUM DOLOR,1,2
244,1503955977,1768 LOREM IPSUM DOLOR,1,1
218,1503955977,1769 LOREM IPSUM DOLOR,1,2
72,1503955977,1770 LOREM IPSUM DOLOR,1,1
112,1503955977,1771 LOREM IPSUM DOLOR,2,2
184,1503955977,1772 LOREM IPSUM DOLOR,3,2
248,1503955977,1773 LOREM IPSUM DOLOR,3,3
176,1503955977,1774 LOREM IPSUM DOLOR,1,2
178,1503955977,1775 LOREM IPSUM DOLOR,1,2
83,1503955977,1776 LOREM IPSUM DOLOR,2,3
165,1503955977,1777 LOREM IPSUM DOLOR,2,1
197,1503955977,1778 LOREM IPSUM DOLOR,1,1
161,1503955977,1779 LOREM IPSUM DOLOR,3,3
214,1503955977,1780 LOREM IPSUM DOLOR,3,2
115,1503955977,1781 LOREM IPSUM DOLOR,2,2
43,1503955977,1782 LOREM IPSUM DOLOR,0,3
156,1503955977,1783 LOREM IPSUM DOLOR,3,2
174,1503955977,1784 LOREM IPSUM DOLOR,3,2
74,1503955977,1785 LOREM IPSUM DOLOR,2,2
145,1503955977,1786 LOREM IPSUM DOLOR,2,3
33,1503955977,1787 LOREM IPSUM DOLOR,0,1
234,1503955977,1788 LOREM IPSUM DOLOR,0,3
86,1503955977,1789 LOREM IPSUM DOLOR,2,3
61,1503955977,1790 LOREM IPSUM DOLOR,1,1
245,1503955977,1791 LOREM IPSUM DOLOR,2,1
37,1503955977,1792 LOREM IPSUM DOLOR,0,0
235,1503955977,1793 LOREM IPSUM DOLOR,0,1
38,1503955977,1794 LOREM IPSUM DOLOR,2,2
170,1503955977,1795 LOREM IPSUM DOLOR,3,0
191,1503955977,1796 LOREM IPSUM DOLOR,1,2
177,1503955977,1797 LOREM IPSUM DOLOR,1,0
104,1503955977,1798 LOREM IPSUM DOLOR,1,3
163,1503955977,1799 LOREM IPSUM DOLOR,2,1
249,1503955977,1800 LOREM IPSUM DOLOR,1,0
82,1503955977,1801 LOREM IPSUM DOLOR,2,1
69,1503955977,1802 LOREM IPSUM DOLOR,0,3
6,1503955977,1803 LOREM IPSUM DOLOR,3,1
29,1503955977,1804 LOREM IPSUM DOLOR,2,0
89,1503955977,1805 LOREM IPSUM DOLOR,0,1
130,1503955977,1806 LOREM IPSUM DOLOR,2,2
127,1503955977,1807 LOREM IPSUM DOLOR,1,1
198,1503955977,1808 LOREM IPSUM DOLOR,3,1
246,1503955977,1809 LOREM IPSUM DOLOR,3,1
172,1503955977,1810 LOREM IPSUM DOLOR,1,1
206,1503955977,1811 LOREM IPSUM DOLOR,0,1
137,1503955977,1812 LOREM IPSUM DOLOR,1,1
146,1503955977,1813 LOREM IPSUM DOLOR,2,2
50,1503955977,1814 LOREM IPSUM DOLOR,2,2
69,1503955977,1815 LOREM IPSUM DOLOR,0,1
188,1503955977,1816 LOREM IPSUM DOLOR,2,2
118,1503955977,1817 LOREM IPSUM DOLOR,2,3
129,1503955977,1818 LOREM IPSUM DOLOR,1,1
129,1503955977,1819 LOREM IPSUM DOLOR,2,1
182,1503955977,1820 LOREM IPSUM DOLOR,2,2
153,1503955977,1821 LOREM IPSUM DOLOR,1,3
176,1503955977,1822 LOREM IPSUM DOLOR,2,0
69,1503955977,1823 LOREM IPSUM DOLOR,1,2
49,1503955977,1824 LOREM IPSUM DOLOR,1,2
138,1503955977,1825 LOREM IPSUM DOLOR,2,1
249,1503955977,1826 LOREM IPSUM DOLOR,0,2
37,1503955977,1827 LOREM IPSUM DOLOR,2,1
158,1503955977,1828 LOREM IPSUM DOLOR,0,1
94,1503955977,1829 LOREM IPSUM DOLOR,1,2
21,1503955977,1830 LOREM IPSUM DOLOR,2,3
121,1503955977,1831 LOREM IPSUM DOLOR,3,3
169,1503955977,1832 LOREM IPSUM DOLOR,2,1
222,1503955977,1833 LOREM IPSUM DOLOR,0,1
59,1503955977,1834 LOREM IPSUM DOLOR,3,1
128,1503955977,1835 LOREM IPSUM DOLOR,2,2
163,1503955977,1836 LOREM IPSUM DOLOR,1,1
52,1503955977,1837 LOREM IPSUM DOLOR,0,2
242,1503955977,1838 LOREM IPSUM DOLOR,2,1
108,1503955977,1839 LOREM IPSUM DOLOR,1,2
227,1503955977,1840 LOREM IPSUM DOLOR,1,0
114,1503955977,1841 LOREM IPSUM DOLOR,2,1
31,1503955977,1842 LOREM IPSUM DOLOR,3,0
176,1503955977,1843 LOREM IPSUM DOLOR,0,1
244,1503955977,1844 LOREM IPSUM DOLOR,2,0
217,1503955977,1845 LOREM IPSUM DOLOR,0,2
147,1503955977,1846 LOREM IPSUM DOLOR,0,2
196,1503955977,1847 LOREM IPSUM DOLOR,2,0
54,1503955977,1848 LOREM IPSUM DOLOR,3,2
126,1503955977,1849 LOREM IPSUM DOLOR,1,1
16,1503955977,1850 LOREM IPSUM DOLOR,1,0
114,1503955977,1851 LOREM IPSUM DOLOR,0,1
134,1503955977,1852 LOREM IPSUM DOLOR,3,0
129,1503955977,1853 LOREM IPSUM DOLOR,0,1
166,1503955977,1854 LOREM IPSUM DOLOR,2,1
34,1503955977,1855 LOREM IPSUM DOLOR,2,2
124,1503955977,1856 LOREM IPSUM DOLOR,1,1
116,1503955977,1857 LOREM IPSUM DOLOR,1,1
137,1503955977,1858 LOREM IPSUM DOLOR,1,1
187,1503955977,1859 LOREM IPSUM DOLOR,2,3
49,1503955977,1860 LOREM IPSUM DOLOR,1,1
81,1503955977,1861 LOREM IPSUM DOLOR,2,1
207,1503955977,1862 LOREM IPSUM DOLOR,2,0
236,1503955977,1863 LOREM IPSUM DOLOR,2,2
189,1503955977,1864 LOREM IPSUM DOLOR,2,1
206,1503955977,1865 LOREM IPSUM DOLOR,1,1
33,1503955977,1866 LOREM IPSUM DOLOR,3,1
149,1503955977,1867 LOREM IPSUM DOLOR,0,3
75,1503955977,1868 LOREM IPSUM DOLOR,2,2
148,1503955977,1869 LOREM IPSUM DOLOR,2,0
201,1503955977,1870 LOREM IPSUM DOLOR,3,1
162,1503955977,1871 LOREM IPSUM DOLOR,1,3
212,1503955977,1872 LOREM IPSUM DOLOR,1,3
237,1503955977,1873 LOREM IPSUM DOLOR,1,1
158,1503955977,1874 LOREM IPSUM DOLOR,2,3
15,1503955977,1875 LOREM IPSUM DOLOR,1,2
160,1503955977,1876 LOREM IPSUM DOLOR,3,2
229,1503955977,1877 LOREM IPSUM DOLOR,2,3
242,1503955977,1878 LOREM IPSUM DOLOR,1,1
156,1503955977,1879 LOREM IPSUM DOLOR,2,2
65,1503955977,1880 LOREM IPSUM DOLOR,2,1
99,1503955977,1881 LOREM IPSUM DOLOR,1,1
21,1503955977,1882 LOREM IPSUM DOLOR,2,0
97,1503955977,1883 LOREM IPSUM DOLOR,2,2
17,1503955977,1884 LOREM IPSUM DOLOR,2,2
147,1503955977,1885 LOREM IPSUM DOLOR,0,1
181,1503955977,1886 LOREM IPSUM DOLOR,1,1
63,1503955977,1887 LOREM IPSUM DOLOR,0,2
220,1503955977,1888 LOREM IPSUM DOLOR,3,2
101,1503955977,1889 LOREM IPSUM DOLOR,0,1
142,1503955977,1890 LOREM IPSUM DOLOR,3,0
213,1503955977,1891 LOREM IPSUM DOLOR,2,3
22,1503955977,1892 LOREM IPSUM DOLOR,1,1
150,1503955977,1893 LOREM IPSUM DOLOR,3,2
180,1503955977,1894 LOREM IPSUM DOLOR,0,1
95,1503955977,1895 LOREM IPSUM DOLOR,1,0
241,1503955977,1896 LOREM IPSUM DOLOR,1,1
247,1503955977,1897 LOREM IPSUM DOLOR,2,2
63,1503955977,1898 LOREM IPSUM DOLOR,1,3
27,1503955977,1899 LOREM IPSUM DOLOR,0,1
242,1503955977,1900 LOREM IPSUM DOLOR,1,3
55,1503955977,1901 LOREM IPSUM DOLOR,1,3
209,1503955977,1902 LOREM IPSUM DOLOR,2,2
21,1503955977,1903 LOREM IPSUM DOLOR,0,0
16,1503955977,1904 LOREM IPSUM DOLOR,1,0
198,1503955977,1905 LOREM IPSUM DOLOR,0,2
111,1503955977,1906 LOREM IPSUM DOLOR,1,1
23,1503955977,1907 LOREM IPSUM DOLOR,1,2
113,1503955977,1908 LOREM IPSUM DOLOR,1,3
42,1503955977,1909 LOREM IPSUM DOLOR,1,1
13,1503955977,1910 LOREM IPSUM DOLOR,1,1
110,1503955977,1911 LOREM IPSUM DOLOR,2,0
11,1503955977,1912 LOREM IPSUM DOLOR,1,0
161,1503955977,1913 LOREM IPSUM DOLOR,2,1
62,1503955977,1914 LOREM IPSUM DOLOR,0,2
178,1503955977,1915 LOREM IPSUM DOLOR,1,1
144,1503955977,1916 LOREM IPSUM DOLOR,1,2
249,1503955977,1917 LOREM IPSUM DOLOR,0,1
134,1503955977,1918 LOREM IPSUM DOLOR,1,3
39,1503955977,1919 LOREM IPSUM DOLOR,3,3
236,1503955977,1920 LOREM IPSUM DOLOR,0,0
229,1503955977,1921 LOREM IPSUM DOLOR,2,2
29,1503955977,1922 LOREM IPSUM DOLOR,0,2
70,1503955977,1923 LOREM IPSUM DOLOR,2,0
57,1503955977,1924 LOREM IPSUM DOLOR,2,1
97,1503955977,1925 LOREM IPSUM DOLOR,2,1
57,1503955977,1926 LOREM IPSUM DOLOR,1,2
134,1503955977,1927 LOREM IPSUM DOLOR,1,2
136,1503955977,1928 LOREM IPSUM DOLOR,2,1
50,1503955977,1929 LOREM IPSUM DOLOR,3,2
216,1503955977,1930 LOREM IPSUM DOLOR,3,2
183,1503955977,1931 LOREM IPSUM DOLOR,1,1
167,1503955977,1932 LOREM IPSUM DOLOR,3,2
122,1503955977,1933 LOREM IPSUM DOLOR,0,2
83,1503955977,1934 LOREM IPSUM DOLOR,3,1
111,1503955977,1935 LOREM IPSUM DOLOR,1,2
123,1503955977,1936 LOREM IPSUM DOLOR,0,1
121,1503955977,1937 LOREM IPSUM DOLOR,3,1
7,1503955977,1938 LOREM IPSUM DOLOR,1,0
135,1503955977,1939 LOREM IPSUM DOLOR,3,0
112,1503955977,1940 LOREM IPSUM DOLOR,0,2
122,1503955977,1941 LOREM IPSUM DOLOR,1,2
229,1503955977,1942 LOREM IPSUM DOLOR,1,2
216,1503955977,1943 LOREM IPSUM DOLOR,1,1
154,1503955977,1944 LOREM IPSUM DOLOR,2,1
115,1503955977,1945 LOREM IPSUM DOLOR,2,1
3,1503955977,1946 LOREM IPSUM DOLOR,2,0
85,1503955977,1947 LOREM IPSUM DOLOR,2,0
68,1503955977,1948 LOREM IPSUM DOLOR,3,1
84,1503955977,1949 LOREM IPSUM DOLOR,2,0
150,1503955977,1950 LOREM IPSUM DOLOR,2,1
6,1503955977,1951 LOREM IPSUM DOLOR,2,2
94,1503955977,1952 LOREM IPSUM DOLOR,2,2
221,1503955977,1953 LOREM IPSUM DOLOR,2,1
158,1503955977,1954 LOREM IPSUM DOLOR,2,1
139,1503955977,1955 LOREM IPSUM DOLOR,3,1
98,1503955977,1956 LOREM IPSUM DOLOR,1,0
169,1503955977,1957 LOREM IPSUM DOLOR,3,1
246,1503955977,1958 LOREM IPSUM DOLOR,2,3
33,1503955977,1959 LOREM IPSUM DOLOR,0,2
65,1503955977,1960 LOREM IPSUM DOLOR,2,2
192,1503955977,1961 LOREM IPSUM DOLOR,2,3
69,1503955977,1962 LOREM IPSUM DOLOR,3,3
211,1503955977,1963 LOREM IPSUM DOLOR,0,3
239,1503955977,1964 LOREM IPSUM DOLOR,3,2
87,1503955977,1965 LOREM IPSUM DOLOR,2,0
151,1503955977,1966 LOREM IPSUM DOLOR,1,2
107,1503955977,1967 LOREM IPSUM DOLOR,1,3
225,1503955977,1968 LOREM IPSUM DOLOR,3,0
213,1503955977,1969 LOREM IPSUM DOLOR,2,1
45,1503955977,1970 LOREM IPSUM DOLOR,2,2
127,1503955977,1971 LOREM IPSUM DOLOR,2,2
157,1503955977,1972 LOREM IPSUM DOLOR,0,2
246,1503955977,1973 LOREM IPSUM DOLOR,1,2
54,1503955977,1974 LOREM IPSUM DOLOR,3,2
51,1503955977,1975 LOREM IPSUM DOLOR,1,2
159,1503955977,1976 LOREM IPSUM DOLOR,0,1
155,1503955977,1977 LOREM IPSUM DOLOR,1,2
241,1503955977,1978 LOREM IPSUM DOLOR,2,1
17,1503955977,1979 LOREM IPSUM DOLOR,0,0
88,1503955977,1980 LOREM IPSUM DOLOR,2,1
98,1503955977,1981 LOREM IPSUM DOLOR,2,2
92,1503955977,1982 LOREM IPSUM DOLOR,3,3
159,1503955977,1983 LOREM IPSUM DOLOR,0,3
245,1503955977,1984 LOREM IPSUM DOLOR,3,2
169,1503955977,1985 LOREM IPSUM DOLOR,0,1
230,1503955977,1986 LOREM IPSUM DOLOR,2,2
38,1503955977,1987 LOREM IPSUM DOLOR,3,2
34,1503955977,1988 LOREM IPSUM DOLOR,1,3
92,1503955977,1989 LOREM IPSUM DOLOR,1,1
18,1503955977,1990 LOREM IPSUM DOLOR,1,1
181,1503955977,1991 LOREM IPSUM DOLOR,2,0
13,1503955977,1992 LOREM IPSUM DOLOR,2,3
79,1503955977,1993 LOREM IPSUM DOLOR,1,1
1,1503955977,1994 LOREM IPSUM DOLOR,0,1
207,1503955977,1995 LOREM IPSUM DOLOR,2,0
57,1503955977,1996 LOREM IPSUM DOLOR,1,1
236,1503955977,1997 LOREM IPSUM DOLOR,3,1
101,1503955977,1998 LOREM IPSUM DOLOR,2,2
153,1503955977,1999 LOREM IPSUM DOLOR,2,1
198,1503955977,2000 LOREM IPSUM DOLOR,2,2
